month,hour,PM10,SO2,NO2,CO,O3,TEMP,PRES,DEWP,RAIN,WSPM,wd,station,PM2.5
2,18,36.0,2.0,6.0,300.0,76.0,4.0,1016.0,-22.0,0.0,1.1,SE,Huairou,7.0
8,22,104.0,2.0,27.0,1000.0,111.0,29.3,999.4,24.2,0.0,2.0,E,Changping,73.0
9,19,132.0,14.0,60.0,800.0,87.0,17.5,1012.5,6.7,0.0,0.8,SE,Dongsi,84.0
11,20,185.0,11.0,83.0,1600.0,7.0,3.6,1007.9,-3.2,0.0,0.0,NE,Gucheng,77.0
8,9,10.0,1.0,27.0,300.0,39.0,23.8,1010.0,7.4,0.0,3.5,NE,Nongzhanguan,3.0
6,12,79.0,4.0,36.0,600.0,199.0,34.1,1001.2,13.5,0.0,2.4,ESE,Guanyuan,48.0
12,15,219.0,50.0,104.0,3500.0,7.0,3.6,1027.3,-1.6,0.0,1.9,ENE,Dongsi,191.0
7,23,76.0,2.0,59.0,1600.0,17.0,26.6,1005.4,23.1,0.0,0.9,ENE,Tiantan,76.0
10,13,60.0,8.0,39.0,500.0,36.0,14.9,1013.8,2.4,0.0,1.5,SW,Huairou,39.0
11,14,14.0,6.0,15.0,500.0,62.5464,12.7,1020.9,-7.9,0.0,0.0,NW,Shunyi,12.0
11,10,22.0,16.0,38.0,600.0,19.7064,13.0,1018.5,-10.1,0.0,1.9,WSW,Nongzhanguan,19.0
6,18,73.0,2.0,18.0,600.0,206.0,32.5,997.3,11.1,0.0,3.0,SSW,Guanyuan,49.0
12,0,136.0,70.0,83.0,3100.0,4.0,-3.4,1022.2,-11.9,0.0,0.8,W,Huairou,155.0
7,4,127.0,2.0,16.0,,62.0,27.0,1002.7,25.8,0.9,1.0,E,Nongzhanguan,127.0
9,15,31.0,4.0,21.0,400.0,127.0,30.0,1002.7,10.0,0.0,4.2,WSW,Tiantan,14.0
5,5,98.0,2.0,8.0,100.0,88.0,15.3,1007.9,-4.6,0.0,3.2,WNW,Aotizhongxin,42.0
11,20,6.0,2.0,22.0,300.0,54.4068,12.7,1018.7,-4.9,0.0,1.5,N,Changping,8.0
12,7,264.0,13.0,109.0,6100.0,4.0,-2.0,1006.4,-5.0,0.0,0.9,N,Changping,206.0
11,17,14.0,3.0,13.0,400.0,45.0,1.6,1020.9,0.7,0.0,3.9,NE,Shunyi,14.0
10,5,147.0,2.0,,1000.0,41.0,11.6,1011.5,11.1,0.0,0.8,NE,Huairou,147.0
4,6,118.0,13.0,78.0,700.0,12.0,7.1,1020.6,-2.4,0.0,1.7,ENE,Nongzhanguan,40.0
4,19,202.0,25.0,30.0,900.0,208.0,28.2,1002.5,11.3,0.0,5.4,SW,Guanyuan,82.0
6,6,33.0,2.0,49.0,600.0,40.0,20.8,997.0,15.8,0.0,1.1,SSE,Gucheng,22.0
11,23,124.0,7.0,65.0,1500.0,4.0,8.6,1011.7,4.6,0.0,2.5,ESE,Dingling,92.0
6,3,31.0,6.0,16.0,600.0,56.0,24.6,998.1,6.8,0.0,0.8,ESE,Gucheng,12.0
8,15,7.0,2.0,2.0,300.0,92.0,29.1,1006.0,7.1,0.0,1.5,SE,Dingling,4.0
9,14,159.0,4.0,58.0,1200.0,55.0,21.4,1011.5,16.6,0.0,2.0,S,Nongzhanguan,144.0
12,21,267.0,26.0,112.0,3500.0,6.0,1.2,1021.2,-4.1,0.0,0.5,W,Gucheng,248.0
8,12,127.0,30.2736,55.431,1000.0,149.0,33.5,993.7,25.2,0.0,1.8,WSW,Wanliu,151.0
12,10,223.0,7.0,39.0,400.0,50.0,7.5,1009.6,-14.7,0.0,2.9,NW,Tiantan,26.0
1,0,5.0,2.0,11.0,800.0,63.0,-6.4,1020.2,-23.7,0.0,4.9,N,Wanliu,4.0
4,3,14.0,3.0,35.0,300.0,32.0,12.0,1004.4,10.9,0.2,0.7,SSE,Wanliu,14.0
2,12,113.0,54.0,,1700.0,33.0,0.3,1023.4,-11.1,0.0,2.0,SSW,Dongsi,86.0
8,13,57.0,6.0,10.0,600.0,139.0,33.9,991.7,19.9,0.0,0.7,W,Huairou,27.0
11,9,70.0,4.0,37.0,500.0,40.0,7.4,1017.3,-8.7,0.0,0.4,ENE,Wanliu,16.0
10,20,166.0,3.0,83.0,1600.0,2.0,12.5,1011.5,9.5,0.0,1.0,W,Wanshouxigong,134.0
7,22,35.0,2.0,54.0,800.0,71.0,25.4,1000.1,21.7,0.0,1.7,E,Changping,31.0
4,12,87.0,3.0,16.0,200.0,83.0,21.9,1008.3,-5.9,0.0,2.9,NNW,Nongzhanguan,22.0
10,9,57.0,2.0,30.0,400.0,6.0,17.3,1012.3,7.1,0.0,1.2,ENE,Huairou,10.0
1,0,27.0,11.0,36.0,700.0,33.0,-3.2,1017.0,-16.9,0.0,1.5,N,Changping,22.0
10,22,110.0,13.0,65.0,1200.0,2.0,13.5,1020.3,4.9,0.0,2.2,S,Shunyi,45.0
3,4,5.0,2.0,13.0,300.0,70.0,0.3,1026.5,-22.7,0.0,2.8,NNW,Dongsi,5.0
11,4,23.0,7.0,31.0,500.0,35.0,-3.5,1032.4,-17.9,0.0,3.0,NNW,Tiantan,11.0
2,17,33.0,16.0,17.0,400.0,84.0,9.0,1002.0,-15.5,0.0,0.9,W,Huairou,18.0
8,6,114.0,10.0,65.0,1000.0,7.0,23.6,1003.4,18.3,0.0,0.9,ENE,Wanshouxigong,33.0
5,2,165.0,12.0,19.0,1100.0,129.0,18.8,997.4,13.9,0.0,1.6,ENE,Aotizhongxin,165.0
9,6,31.0,2.0,16.0,400.0,57.0,16.7,1008.3,16.4,0.0,0.5,WSW,Huairou,13.0
7,14,85.0,13.0,18.0,1000.0,225.0,34.7,1001.5,17.9,0.0,3.2,WSW,Guanyuan,72.0
4,21,167.0,36.0,62.0,1300.0,134.0,21.4,1006.5,7.6,0.0,1.5,WSW,Nongzhanguan,100.0
10,18,202.0,33.7008,116.4051,,21.2058,12.2,1015.0,7.5,0.0,0.6,NW,Dingling,223.0
6,6,60.0,2.0,22.0,700.0,40.0,19.1,998.1,17.1,0.0,0.8,WSW,Huairou,56.0
3,1,147.0,22.0,51.0,1300.0,38.0,6.9,1005.7,-9.9,0.0,1.1,NE,Changping,81.0
12,5,5.0,1.9992,5.7484,,67.2588,-3.3,1018.9,-18.4,0.0,0.7,E,Gucheng,5.0
7,11,62.0,2.0,39.0,400.0,48.0,27.3,997.6,17.2,0.0,1.4,NNW,Changping,34.0
7,18,79.0,11.9952,38.8017,900.0,153.0,29.1,998.4,22.1,0.0,1.2,SW,Wanliu,77.0
5,13,310.0,47.0,34.0,1600.0,232.0,29.2,1004.0,14.2,0.0,1.7,SE,Dingling,286.0
5,6,86.0,7.0,108.0,800.0,2.0,15.2,1013.6,12.0,0.0,0.4,NNE,Wanliu,86.0
6,10,209.0,5.0,65.0,2400.0,90.0,27.0,998.9,20.8,0.0,1.7,ESE,Aotizhongxin,209.0
6,7,140.0,2.0,22.0,1100.0,14.0,21.5,994.2,19.2,0.0,0.5,E,Huairou,140.0
1,9,117.0,49.0,74.0,2900.0,5.0,-6.0,1029.0,-14.1,0.0,1.0,NE,Dongsi,97.0
5,1,20.0,2.0,37.0,300.0,74.0,17.7,1000.2,7.1,0.0,0.6,S,Gucheng,20.0
5,4,174.0,18.0,45.0,800.0,77.0,14.6,1002.3,13.3,0.0,0.0,SSW,Guanyuan,133.0
8,10,10.0,20.0,48.0,1300.0,16.0,30.3,1006.3,18.1,0.0,2.4,NW,Dongsi,66.0
6,16,30.0,2.0,15.0,400.0,69.0,19.3,993.4,18.0,0.9,1.0,N,Changping,30.0
10,23,45.0,,37.0,500.0,15.0,-1.4,1028.2,-10.2,0.0,1.4,NNW,Changping,32.0
5,7,248.0,10.0,65.0,1300.0,34.0,20.7,1000.4,14.8,0.0,0.0,NW,Gucheng,170.0
3,7,12.0,3.0,8.0,200.0,84.0,6.0,1010.7,-11.6,0.0,0.5,NNE,Dingling,8.0
12,5,23.0,7.0,53.0,900.0,10.0,-5.0,1027.0,-12.4,0.0,1.1,NNE,Shunyi,19.0
10,8,298.0,10.0,89.7161,2400.0,1.0,8.6,1014.0,5.3,0.0,1.6,NE,Wanliu,261.0
1,11,28.0,20.0,11.0,700.0,48.0,-7.0,1019.9,-18.4,0.0,3.4,E,Huairou,28.0
11,14,8.0,4.0,11.0,300.0,67.0,0.3,1031.7,-18.5,0.0,2.8,NNW,Wanliu,8.0
1,4,13.0,9.0,24.0,800.0,41.0,-8.5,1025.66666666667,-18.1,0.0,3.0,NW,Gucheng,13.0
5,8,94.0,31.0,66.0,1900.0,43.0,18.7,1002.4,2.1,0.0,1.6,E,Guanyuan,45.0
9,15,342.0,12.0,30.0,700.0,187.0,29.2,1002.4,11.7,0.0,2.0,SSW,Wanshouxigong,65.0
10,23,157.0,2.0,123.0,1600.0,4.0,12.9,1014.6,8.2,0.0,1.5,ENE,Wanshouxigong,113.0
7,2,95.0,2.0,34.0,1300.0,32.0,22.4,1002.3,20.7,0.4,1.0,ENE,Nongzhanguan,95.0
2,16,438.0,63.0,134.0,400.0,26.0,8.3,1011.1,-5.9,0.0,1.7,SSW,Dongsi,366.0
7,9,194.0,2.0,46.0,1800.0,79.0,29.3,999.4,24.4,0.0,0.7,W,Aotizhongxin,194.0
7,4,111.0,9.7104,68.9808,600.0,2.0,21.9,990.3,20.7,0.0,0.6,NNE,Wanliu,42.0
5,8,164.0,10.0,53.0,1200.0,43.0,20.0,997.4,15.0,0.0,2.0,SE,Shunyi,130.0
1,1,106.0,3.0,8.0,900.0,44.0,-15.3,1034.6,-30.1,0.0,5.0,NW,Changping,8.0
11,3,192.0,5.0,76.0,2100.0,2.0,6.9,1013.5,4.4,0.0,2.2,ESE,Guanyuan,157.0
11,16,36.0,2.0,47.0,1400.0,2.0,3.4,1016.1,2.5,1.1,1.2,NNW,Changping,36.0
10,6,46.0,2.0,35.0,1300.0,3.0,11.2,1021.0,9.8,0.0,1.9,NE,Shunyi,46.0
11,3,5.0,3.0,18.0,200.0,44.0,9.2,1023.0,-7.1,0.0,2.0,NE,Wanliu,3.0
3,2,180.0,62.0,81.0,1800.0,11.0,-1.4,1018.1,-12.1,0.0,1.1,E,Guanyuan,158.0
4,23,204.0,8.0,71.0,1400.0,35.0,10.0,1010.9,4.1,0.0,0.7,NNE,Huairou,204.0
7,5,50.0,2.0,48.0,800.0,17.0,21.5,1000.9,21.2,0.0,0.9,E,Guanyuan,50.0
6,18,48.0,2.0,23.0,300.0,121.0,27.5,997.7,9.8,0.2,4.3,WSW,Dongsi,36.0
11,0,186.0,10.0,155.0,2900.0,3.0,7.0,1018.3,5.0,0.0,0.7,NE,Aotizhongxin,177.0
1,11,19.0,12.0,13.0,500.0,69.0,3.0,1018.0,-21.2,0.0,5.6,WNW,Changping,12.0
11,1,368.0,14.0,121.0,7300.0,11.0,-3.1,1023.2,-3.2,0.0,0.2,SW,Wanshouxigong,368.0
3,19,37.0,5.0,29.0,500.0,77.0,9.6,1019.0,-15.8,0.0,2.2,WSW,Aotizhongxin,14.0
12,19,398.0,21.0,124.0,3600.0,6.0,-1.7,1023.3,-7.0,0.0,0.6,SSE,Nongzhanguan,357.0
2,2,271.0,74.0,83.0,4900.0,4.0,1.0,1011.0,-7.3,0.0,1.1,WNW,Gucheng,250.0
12,7,50.0,6.0,14.0,300.0,52.0,-7.0,1027.0,-24.2,0.0,2.6,NNW,Nongzhanguan,7.0
4,14,131.0,24.0,20.0,900.0,175.0,26.7,1007.6,8.6,0.0,4.3,S,Aotizhongxin,123.0
8,16,85.0,2.0,18.0,900.0,182.0,31.5,1005.1,22.5,0.0,1.7,SW,Wanliu,85.0
8,21,103.0,3.0,108.0,1800.0,23.0,20.9,1006.5,15.2,0.0,0.6,WNW,Wanshouxigong,35.0
8,21,124.0,13.0,38.0,1500.0,214.0,27.4,1003.4,20.0,0.0,1.6,WSW,Guanyuan,75.0
1,18,47.0,21.0,85.0,1000.0,1.0,5.1,1013.7,-16.1,0.0,0.6,ESE,Wanshouxigong,35.0
6,20,60.0,6.0,33.0,400.0,90.0,25.9,1004.5,14.4,0.0,2.9,WSW,Tiantan,40.0
4,1,137.0,44.0,56.0,700.0,38.0,16.8,1000.1,2.0,0.0,2.9,WSW,Dongsi,68.0
4,3,146.0,12.0,37.0,400.0,57.0,14.0,1004.6,-5.2,0.0,3.5,WSW,Tiantan,48.0
11,21,32.0,7.0,42.7024,600.0,1.071,1.0,1018.9,-7.3,0.0,0.2,WSW,Wanliu,16.0
3,18,208.0,56.0,83.0,2299.0,107.0,12.0,1010.9,1.0,0.0,0.9,SSE,Dingling,208.0
9,21,57.0,2.0,22.0,700.0,73.0,20.8,1009.1,17.0,0.0,1.2,E,Huairou,34.0
7,0,42.0,2.0,9.0,1100.0,29.0,21.6,996.7,17.2,0.0,1.3,WNW,Huairou,42.0
9,21,164.0,2.0,48.0,1500.0,101.0,24.3,1009.3,20.8,0.0,1.0,SE,Wanshouxigong,157.0
9,13,139.0,16.0,50.0,1300.0,181.0,25.3,1014.1,14.4,0.0,2.1,SW,Guanyuan,139.0
9,9,223.0,11.0,119.0,2400.0,12.0,20.4,1006.0,16.8,0.0,2.0,ESE,Aotizhongxin,223.0
6,23,107.0,2.0,66.0,1400.0,73.0,21.3,997.6,20.1,0.0,0.3,SSW,Wanshouxigong,107.0
8,9,104.0,2.0,19.0,900.0,2.0,28.9,998.1,25.1,0.0,0.8,NE,Huairou,104.0
2,22,43.0,11.0,23.0,800.0,47.0,-4.1,1026.0,-21.7,0.0,0.7,NNW,Dingling,32.0
3,20,344.0,13.0,43.0,800.0,54.0,10.0,1023.8,-8.2,0.0,4.4,SW,Aotizhongxin,47.0
6,21,132.0,12.0,59.0,800.0,114.0,28.8,997.3,17.3,0.0,1.1,SW,Wanliu,59.0
8,2,17.0,2.0,10.0,400.0,2.0,20.3,996.9,18.4,0.0,1.2,N,Huairou,8.0
7,6,30.0,3.0,,400.0,4.0,22.1,997.8,22.1,0.0,0.5,ENE,Huairou,18.0
7,4,22.0,2.0,16.0,200.0,74.0,24.7,990.7,19.3,0.0,1.1,E,Changping,22.0
6,8,115.0,36.0,111.0,1800.0,24.0,23.1,1003.1,11.5,0.0,1.1,ENE,Nongzhanguan,86.0
11,15,209.0,32.0,104.4977,1700.0,10.0674,13.3,1012.9,4.7,0.0,0.7,SW,Wanliu,178.0
9,21,185.0,7.0,102.0,1200.0,2.0,16.7,1015.6,13.2,0.0,0.0,S,Shunyi,112.0
8,17,8.0,13.7088,42.9077,500.0,33.0,22.6,997.1,21.2,1.0,0.9,E,Wanliu,21.0
11,10,81.0,31.0,69.0,2100.0,3.8556,7.7,1018.9,-0.1,0.0,1.3,SSE,Shunyi,75.0
6,4,336.0,13.0,98.0,700.0,2.0,23.3,999.5,7.0,0.0,0.4,WNW,Gucheng,85.0
5,3,115.0,4.0,41.0,1300.0,66.0,11.4,1011.9,9.1,0.0,0.1,S,Shunyi,96.0
6,17,21.0,2.0,22.0,300.0,92.0,24.2,1005.1,6.5,0.0,4.7,WNW,Dongsi,7.0
11,20,216.0,10.0,97.0,3600.0,2.0,6.8,1009.0,6.1,0.0,0.7,NNE,Guanyuan,190.0
12,15,95.0,15.0,42.0,1000.0,38.0,1.8,1025.2,-17.2,0.0,2.8,S,Gucheng,59.0
7,6,29.0,2.0,32.0,500.0,6.0,22.2,999.5,21.0,0.0,0.7,NW,Dingling,21.0
2,6,258.0,36.0,76.0,3000.0,74.0,0.1,1004.9,-5.9,0.0,0.9,SSW,Gucheng,258.0
9,3,10.0,2.0,22.0,,2.0,12.2,1010.1,7.9,0.0,1.6,N,Shunyi,6.0
2,7,169.0,,,,,-2.0,1024.8,-4.8,0.0,0.8,ESE,Wanshouxigong,169.0
7,9,113.0,15.0,48.0,900.0,57.0,31.5,996.9,21.7,0.0,2.4,SW,Tiantan,112.0
9,1,90.0,4.0,70.0,2200.0,2.0,18.8,1010.0,18.1,0.0,0.5,SSE,Nongzhanguan,89.0
11,18,104.0,13.0,88.0,1700.0,2.0,2.6,1022.2,-9.4,0.0,0.7,ENE,Changping,66.0
4,18,50.0,3.0,10.0,200.0,90.0,18.6,999.8,-3.0,0.0,3.2,NNE,Changping,8.0
4,20,353.0,5.0,43.0,400.0,85.0,21.5,1011.3,2.7,0.0,1.7,ESE,Guanyuan,83.0
11,17,117.0,4.0,70.0,1900.0,2.0,6.5,1025.0,4.5,0.0,0.6,WNW,Wanliu,117.0
11,22,124.0,36.0,62.0,1600.0,,-2.0,1016.8,-6.9,0.0,0.8,W,Wanshouxigong,98.0
7,13,100.0,5.0,43.0,1700.0,42.0,24.5,999.6,22.7,0.0,2.1,NNW,Nongzhanguan,32.0
3,5,124.0,23.0,99.0,1900.0,2.0,3.8,1021.3,-4.7,0.0,1.1,NNW,Changping,121.0
4,5,122.0,3.0,37.0,400.0,35.0,-1.5,1013.1,-9.4,0.0,2.1,WNW,Huairou,45.0
3,15,53.0,13.0,23.0,500.0,67.0,8.1,1018.8,-16.3,0.0,3.9,SW,Aotizhongxin,27.0
12,11,182.0,44.0,103.0,3200.0,3.0,-0.4,1022.7,-4.5,0.0,1.5,ENE,Guanyuan,163.0
2,23,100.0,72.0,60.0,1500.0,19.0,-1.5,1019.7,-7.2,0.0,1.1,NE,Changping,104.0
10,5,62.0,23.0,34.0,700.0,37.0,14.4,1012.0,-0.1,0.0,2.1,NNW,Dingling,18.0
1,4,114.0,57.0,79.0,3100.0,7.0,-2.0,1021.0,-16.9,0.0,0.1,NW,Changping,109.0
11,3,24.0,2.0,7.0,200.0,44.0,2.7,1007.6,-9.6,0.0,1.3,NNE,Dingling,11.0
8,12,69.0,6.0,32.0,700.0,151.0,29.8,1005.8,15.5,0.0,3.2,S,Nongzhanguan,39.0
4,15,49.0,13.0,15.0,1100.0,144.0,16.8,1003.2,8.2,0.0,1.6,SE,Dingling,94.0
4,9,329.0,29.0,113.0,1700.0,8.0,16.7,1007.0,7.6,0.0,1.0,ESE,Tiantan,157.0
5,5,10.0,2.0,33.0,400.0,53.0,10.9,991.8,4.8,0.0,0.7,WSW,Guanyuan,8.0
9,15,52.0,10.0,61.0,2000.0,51.0,17.5,1019.7,13.2,0.0,1.0,SW,Aotizhongxin,52.0
8,21,26.0,2.0,27.0,200.0,49.0,24.0,1000.4,17.7,0.0,1.6,NW,Changping,12.0
12,10,17.0,17.0,63.0,900.0,17.0,-6.5,1036.3,-17.3,0.0,1.6,NE,Aotizhongxin,17.0
1,3,526.0,12.0,85.0,6000.0,2.0,-1.0,1020.0,-7.8,0.0,3.1,WSW,Wanliu,445.0
8,21,166.0,10.5672,86.6366,1500.0,21.0,23.5,999.9,21.8,0.1,0.7,ESE,Wanliu,93.0
5,18,51.0,2.0,22.0,300.0,111.0,27.0,995.2,-4.9,0.0,2.7,N,Wanliu,7.0
12,19,434.0,5.0,134.0,3900.0,2.0,-1.7,1023.3,-7.0,0.0,0.6,SSE,Tiantan,352.0
6,21,129.0,6.0,69.0,700.0,130.0,26.4,997.6,19.0,0.0,0.8,SW,Wanliu,68.0
11,3,137.0,42.0,104.0,2200.0,2.142,4.6,1012.7,1.4,0.0,0.7,W,Huairou,150.0
9,13,6.0,2.0,8.0,200.0,83.0,24.3,1012.1,5.1,0.0,1.3,ENE,Shunyi,6.0
8,15,10.0,2.0,13.0,300.0,137.0,33.3,998.3,10.6,0.0,1.0,ENE,Nongzhanguan,3.0
5,4,114.0,15.0,72.0,700.0,35.0,13.3,995.0,12.5,0.0,0.7,ENE,Guanyuan,41.0
1,2,27.0,16.0,49.0,700.0,38.0,-2.45,1026.5,-22.6,0.0,1.2,NE,Aotizhongxin,17.0
7,19,159.0,7.0,16.0,1100.0,194.0,29.1,993.6,25.5,0.0,0.0,SE,Guanyuan,144.0
3,12,19.0,12.0,25.0,500.0,79.0,8.1,1018.1,-17.9,0.0,1.4,N,Tiantan,18.0
3,14,11.0,2.0,2.0,300.0,91.0,4.0,1025.8,-28.9,0.0,5.1,W,Dingling,10.0
2,11,27.0,7.0,33.0,600.0,68.0,12.9,1016.7,-11.6,0.0,2.6,NW,Shunyi,23.0
12,8,42.0,8.0,32.0,500.0,29.0,0.5,1028.8,-13.9,0.0,2.7,NNW,Wanshouxigong,9.0
4,7,56.0,2.0,48.0,200.0,32.0,12.8,1011.8,-9.6,0.0,1.5,NE,Nongzhanguan,24.0
6,18,12.0,3.0,40.0,700.0,30.0,17.9,1008.2,15.3,0.1,1.6,NW,Dongsi,3.0
9,19,135.0,10.0,39.0,800.0,93.0,20.7,1003.3,19.4,0.0,0.5,E,Huairou,92.0
7,10,30.4,4.0,14.0,800.0,72.0,26.4,996.7,20.7,0.0,1.5,ESE,Dingling,32.0
1,19,153.0,54.0,85.0,3300.0,5.0,-5.1,1030.4,-14.2,0.0,0.5,E,Shunyi,141.0
6,21,228.0,20.0,95.0,3500.0,21.0,22.2,996.1,19.7,0.0,0.8,ENE,Gucheng,144.0
9,9,105.0,3.0,57.0,700.0,,23.4,1004.0,16.2,0.0,1.0,S,Shunyi,61.0
6,17,74.0,7.0,19.0,600.0,196.0,32.2,986.8,14.8,0.0,1.6,NNE,Changping,30.0
9,7,17.0,2.0,38.0,300.0,40.0,23.2,1008.2,4.2,0.0,3.1,WNW,Nongzhanguan,3.0
5,4,163.0,2.0,109.0,1300.0,2.0,19.8,995.0,17.8,0.0,1.3,WNW,Aotizhongxin,163.0
3,4,3.0,7.0,,200.0,84.0,-1.9,1027.1,-24.5,0.0,3.2,NNW,Dongsi,3.0
5,12,17.0,2.0,16.0,300.0,81.0,24.5,1009.2,-6.8,0.0,2.3,SSW,Changping,17.0
2,2,40.0,8.0,19.0,800.0,26.0,-1.0,1028.0,-3.8,0.0,2.9,S,Dongsi,40.0
8,3,9.0,2.0,13.0,100.0,49.0,19.9,999.9,16.1,0.0,1.4,NW,Changping,9.0
5,6,23.0,2.0,21.0,300.0,87.0,12.9,1014.2,9.7,0.0,1.4,SE,Shunyi,23.0
12,14,143.0,27.0,90.0,2100.0,16.0,8.4,1019.7,-5.5,0.0,2.2,ESE,Wanshouxigong,110.0
2,6,137.0,61.0,58.0,1900.0,40.0,-3.6,1032.8,-10.9,0.0,1.4,SE,Nongzhanguan,144.0
10,13,165.0,56.0,67.0,1300.0,84.0,17.5,1016.5,4.1,0.0,1.1,SW,Huairou,156.0
4,4,20.0,3.0,3.0,200.0,89.0,5.3,1009.2,-10.5,0.0,4.4,NW,Dingling,10.0
2,17,40.0,13.0,2.0,300.0,93.0,11.0,1016.0,-11.8,0.0,3.3,NNW,Dingling,17.0
8,8,55.0,1.0,21.0,900.0,36.0,27.2,1002.2,19.8,0.0,1.3,SE,Dingling,38.0
8,4,24.0,4.0,16.0,600.0,42.0,19.5,1010.1,18.7,0.0,1.1,NW,Shunyi,24.0
2,0,122.0,54.0,113.0,2400.0,9.0,8.0,1008.0,-15.6,0.0,2.2,NNE,Wanshouxigong,115.0
4,18,196.0,2.0,4.0,200.0,126.0,26.5,992.6,-5.2,0.0,3.8,N,Dingling,46.0
2,14,6.0,8.0,,200.0,81.0,6.1,1017.2,-14.1,0.0,3.6,WNW,Dingling,9.0
11,21,97.0,6.0,52.0,900.0,9.0,4.3,1007.2,-3.5,0.0,1.0,N,Changping,58.0
6,14,6.0,4.0,21.0,500.0,145.0,31.0,993.1,12.8,0.0,0.8,NW,Gucheng,3.0
3,3,24.0,2.0,69.0,400.0,18.0,4.9,1028.4,-11.7,0.0,1.3,N,Wanliu,10.0
4,11,188.0,18.0,101.0,1100.0,20.0,23.2,1003.0,-6.8,0.0,3.7,ESE,Gucheng,65.0
10,17,355.0,15.0,85.0,2100.0,207.0,23.7,1008.8,16.2,0.0,1.5,SW,Wanliu,355.0
5,21,136.0,38.0,,2000.0,179.0,21.1,1007.0,17.9,11.4,6.3,SW,Dongsi,136.0
5,21,153.0,6.0,39.0,500.0,59.0,17.0,1008.3,-4.9,0.0,1.3,SSE,Guanyuan,25.0
3,22,131.0,16.0,110.0,1100.0,25.0,6.7,1010.4,-6.3,0.0,0.8,SSE,Nongzhanguan,86.0
6,14,25.0,3.0,11.0,500.0,142.0,31.1,991.5,11.5,0.0,3.8,SSE,Dingling,25.0
1,15,35.0,15.0,43.0,700.0,39.0,5.0,1025.0,-16.2,0.0,1.2,E,Changping,32.0
3,3,194.0,25.0,43.0,1300.0,22.0,1.1,1010.7,-6.5,0.0,0.4,W,Gucheng,83.0
8,23,64.0,2.0,91.0,2300.0,8.0,23.2,998.5,22.4,0.0,0.6,ENE,Nongzhanguan,64.0
12,23,20.0,9.0,20.0,,35.343,2.8,1018.9,-11.2,0.0,2.6,N,Guanyuan,9.0
10,1,30.0,2.0,50.0,1000.0,2.0,11.1,1015.0,10.0,0.0,1.0,N,Wanshouxigong,30.0
1,0,17.0,7.0,18.0,800.0,57.0,-3.3,1027.6,-18.4,0.0,5.5,N,Gucheng,17.0
7,1,134.0,2.0,68.0,1300.0,56.0,25.9,1003.1,20.0,0.0,1.2,S,Dongsi,134.0
12,21,370.0,27.0,129.0,3800.0,3.0,-1.2,1020.4,-4.9,0.0,1.5,NNE,Dongsi,316.0
3,0,341.0,13.0,49.0,3300.0,28.0,4.3,1006.5,-0.1,0.0,1.5,WNW,Huairou,341.0
4,4,82.0,5.0,12.0,300.0,62.0,10.8,1006.0,-6.6,0.0,1.6,N,Huairou,8.0
10,22,134.0,10.0,93.6168,,,13.4,1014.4,12.3,0.0,0.5,SSW,Wanliu,97.0
11,7,234.0,50.0,105.0,5300.0,2.0,-4.6,1022.1,-5.1,0.0,0.2,W,Guanyuan,234.0
6,11,11.0,2.0,31.0,400.0,28.0,21.1,1001.7,15.0,0.0,2.5,W,Shunyi,11.0
11,18,126.0,5.0,66.0,2100.0,2.0,5.6,1027.0,3.6,0.0,0.7,ESE,Wanshouxigong,126.0
4,13,162.0,29.0,46.0,1000.0,157.0,21.7,1006.1,7.1,0.0,2.2,SSW,Wanliu,160.0
1,15,54.0,94.0,56.0,900.0,39.0,2.3,1019.3,-22.5,0.0,0.9,ENE,Huairou,35.0
8,15,75.0,3.0,16.0,700.0,213.0,29.8,999.6,18.9,0.0,1.5,S,Gucheng,47.0
5,1,101.0,9.0,23.0,700.0,127.0,22.0,1001.6,11.4,0.0,3.0,SSW,Tiantan,66.0
5,5,55.0,13.0,31.0,900.0,83.0,23.7,997.3,9.3,0.0,1.5,NW,Changping,37.0
2,7,100.0,2.0,61.0,1900.0,2.0,-3.7,1012.3,-4.8,0.0,1.0,NW,Changping,100.0
6,21,61.0,5.0,36.0,500.0,143.0,27.3,1003.2,14.0,0.0,1.8,SSE,Dongsi,30.0
9,16,170.0,12.0,20.0,1200.0,283.0,29.1,999.9,17.9,0.0,1.7,E,Changping,116.0
11,16,145.0,2.0,73.0,1700.0,8.0,5.8,1022.9,2.6,0.0,1.7,SSW,Aotizhongxin,141.0
3,23,223.0,107.0,68.0,1700.0,12.0,-0.7,1014.3,-12.3,0.0,1.5,W,Huairou,159.0
3,5,27.0,12.0,36.0,500.0,64.0,5.5,1013.8,-7.7,0.0,0.7,SSE,Nongzhanguan,27.0
1,6,163.0,29.0,82.0,1900.0,2.0,-4.4,1021.4,-9.4,0.0,1.6,NW,Dingling,163.0
6,10,78.0,4.0,17.0,500.0,,27.0,1000.6,15.4,0.0,0.9,SE,Huairou,33.0
5,22,38.0,2.0,15.0,300.0,85.0,18.2,1004.5,4.0,0.0,1.3,NW,Dingling,17.0
2,19,11.0,2.0,2.0,200.0,99.0,11.7,1008.9,-13.3,0.0,1.3,NNE,Dingling,11.0
6,3,142.0,11.0,33.0,1400.0,80.0,22.8,1001.6,15.4,0.0,2.8,E,Guanyuan,71.0
7,20,73.0,3.0,55.0,1000.0,138.0,28.6,990.8,22.6,0.0,0.8,ENE,Changping,76.0
9,18,119.0,19.0,73.0,1800.0,45.0,18.3,1010.9,15.5,0.0,0.0,N,Gucheng,136.0
12,15,16.0,8.0,18.0,300.0,59.0,1.9,1020.8,-22.9,0.0,4.3,NW,Nongzhanguan,15.0
1,23,247.0,20.0,73.0,3300.0,3.0,-3.5,1022.1,-4.2,0.0,0.1,NW,Dongsi,247.0
7,7,27.0,2.0,31.0,600.0,31.0,21.7,1004.4,18.9,0.2,1.1,NW,Nongzhanguan,13.0
3,7,184.0,16.0,127.0,1800.0,2.0,5.9,1024.9,1.2,0.0,0.2,SW,Wanliu,128.0
12,2,51.0,8.0,46.0,1700.0,9.0,-3.4,1028.1,-9.6,0.0,0.6,NW,Changping,51.0
8,11,6.0,1.0,6.0,400.0,60.0,25.3,1009.3,6.5,0.0,0.8,S,Shunyi,6.0
8,7,154.0,2.0,47.0,1200.0,48.0,26.0,998.3,23.1,0.0,0.5,NNE,Gucheng,109.0
4,12,37.0,8.0,8.0,300.0,70.0,12.7,1008.7,-4.0,0.0,5.6,NW,Dingling,14.0
9,15,10.0,5.0,21.0,300.0,68.0,24.8,1007.7,-2.8,0.0,2.1,WSW,Huairou,10.0
1,6,20.0,6.0,23.0,600.0,21.0,-7.0,1019.2,-15.7,0.0,2.0,NE,Huairou,19.0
10,1,149.0,4.0,84.0,1500.0,2.0,14.4,1017.4,11.9,0.0,0.3,SW,Shunyi,125.0
8,1,47.0,3.0,44.0,900.0,27.0,24.9,1001.9,24.0,0.0,1.2,SW,Nongzhanguan,39.0
5,18,157.0,2.0,15.0,200.0,89.0,17.0,1014.0,1.0,0.0,4.6,WNW,Shunyi,17.0
1,20,8.0,13.0,21.0,400.0,58.0,1.5,1022.6,-21.7,0.0,1.9,NNW,Changping,15.0
12,7,6.0,7.0,10.0,300.0,65.0,-4.0,1024.7,-18.3,0.0,1.4,E,Gucheng,11.0
3,21,136.0,23.0,93.0,600.0,81.0,15.8,1020.6,1.1,0.0,4.3,SW,Wanliu,66.0
8,17,26.0,2.0,24.0,700.0,168.0,28.4,998.8,17.3,0.0,2.7,WSW,Wanshouxigong,25.0
10,15,12.0,2.0,12.0,200.0,82.0,26.5,1013.4,-1.4,0.0,1.0,W,Wanliu,6.0
4,4,59.0,11.0,57.0,400.0,14.0,7.4,1012.2,2.1,0.0,0.5,WNW,Shunyi,49.0
9,21,14.0,2.0,49.0,800.0,44.0,19.9,1005.5,17.1,0.0,1.1,ENE,Wanshouxigong,14.0
10,2,47.0,10.0,54.0,500.0,9.0,4.9,1016.3,0.8,0.0,0.9,NNE,Aotizhongxin,40.0
12,16,27.0,2.0,9.0,,74.5416,-0.5,1015.3,-20.8,0.0,3.0,WSW,Gucheng,8.0
6,5,51.0,2.0,,300.0,2.0,13.4,1003.3,10.4,0.0,0.3,WNW,Shunyi,13.0
2,23,203.0,2.0,49.0,3000.0,4.0,1.0,1018.0,0.3,0.5,0.4,ESE,Shunyi,203.0
7,9,134.0,13.0,35.0,900.0,72.0,27.7,1002.3,23.9,0.0,0.6,ESE,Guanyuan,167.0
10,2,16.0,2.0,17.0,1100.0,2.0,13.2,1012.8,12.4,0.0,0.2,WNW,Tiantan,16.0
11,21,17.0,3.0,41.0,600.0,16.0,1.6,1022.5,0.6,0.6,2.7,ENE,Tiantan,17.0
10,3,135.0,7.0,54.0,1200.0,2.0,14.2,1017.3,12.2,0.0,1.5,E,Nongzhanguan,79.0
9,17,105.0,2.0,46.0,900.0,174.0,23.3,1009.0,9.3,0.0,1.7,SSW,Wanshouxigong,105.0
8,1,6.0,2.0,14.0,100.0,53.0,20.8,1000.4,16.2,0.0,1.9,NNW,Changping,6.0
9,11,16.0,2.0,4.0,200.0,38.0,22.7,1012.4,10.2,0.0,2.7,ESE,Huairou,6.0
1,19,33.0,16.0,86.0,900.0,5.0,-0.5,1023.1,-22.6,0.0,2.1,WNW,Nongzhanguan,22.0
1,18,39.0,2.0,17.0,400.0,54.0,-7.7,1024.6,-23.5,0.0,2.3,NNW,Shunyi,15.0
3,11,268.0,37.0,87.0,1800.0,24.0,10.6,1013.5,0.9,0.0,0.9,N,Guanyuan,226.0
1,11,12.0,6.0,15.0,700.0,48.0,-1.6,1027.3,-18.2,0.0,2.8,NE,Wanliu,5.0
2,21,167.0,37.0,101.0,1000.0,17.0,5.3,1012.4,-12.2,0.0,2.1,SE,Tiantan,106.0
1,12,37.0,12.0,29.0,1000.0,46.0,-5.3,1032.3,-23.7,0.0,2.6,ENE,Wanshouxigong,37.0
6,6,70.0,10.0,81.0,1000.0,4.0,19.2,1008.8,7.6,0.0,0.8,NNE,Nongzhanguan,23.0
9,20,121.0,24.0,40.0,1300.0,156.0,23.9,1011.8,17.4,0.0,1.2,SE,Dongsi,85.0
5,0,66.0,2.0,35.0,700.0,19.0,12.7,1009.2,11.6,0.0,0.2,SW,Wanliu,66.0
8,7,22.0,2.0,39.0,500.0,25.0,23.6,1003.0,18.7,0.0,1.0,NE,Tiantan,22.0
6,2,115.0,10.0,13.0,800.0,113.0,21.7,999.1,17.1,0.0,1.5,NW,Huairou,115.0
5,20,100.0,3.0,33.0,300.0,74.0,20.4,999.1,1.8,0.0,1.4,W,Huairou,12.0
9,13,71.0,18.0,33.0,800.0,84.0,25.6,1009.4,7.7,0.0,2.0,ESE,Tiantan,16.0
10,20,115.0,9.0,102.0,700.0,8.0,7.0,1020.9,1.3,0.0,1.0,WSW,Wanshouxigong,49.0
7,19,44.0,2.0,22.0,400.0,145.0,29.9,995.2,11.9,0.0,1.7,WSW,Guanyuan,13.0
6,22,27.0,0.5712,45.5766,,90.1782,20.6,996.6,20.3,0.1,2.0,NE,Aotizhongxin,44.0
6,13,162.0,19.0,18.0,1800.0,184.0,30.3,997.2,21.4,0.0,1.8,S,Huairou,162.0
3,20,207.0,48.0,159.0,1300.0,55.0,16.7,1003.8,7.6,0.0,1.1,SSW,Wanliu,157.0
3,17,288.0,52.0,41.0,1800.0,166.0,15.9,1010.2,0.4,0.0,2.1,SSW,Dongsi,288.0
6,12,123.0,27.0,22.0,1100.0,161.0,28.0,1001.0,15.0,0.0,1.9,SSE,Huairou,76.0
5,17,97.0,5.0,22.0,300.0,,28.1,992.8,-1.0,0.0,2.8,N,Wanliu,23.0
10,6,54.0,8.0,66.0,500.0,1.0,2.1,1019.0,1.8,0.0,0.2,NNE,Aotizhongxin,36.0
3,14,248.0,32.0,62.0,1600.0,12.0,6.9,1009.3,3.0,0.0,1.1,N,Wanshouxigong,232.0
11,6,36.0,5.0,44.0,2300.0,2.0,1.9,1026.4,1.3,0.0,0.1,,Shunyi,36.0
12,9,178.0,51.0,84.0,5400.0,7.0,-4.9,1021.0,-16.2,0.0,1.2,W,Changping,93.0
4,7,91.0,6.0,14.0,500.0,73.0,7.9,1007.3,-13.1,0.0,3.9,NW,Aotizhongxin,31.0
1,11,104.0,21.0,80.0,2100.0,9.0,0.625,1023.0,-10.0,0.0,1.1,NW,Dongsi,60.0
7,9,102.0,4.0,50.0,1000.0,86.0,26.7,1001.9,18.0,0.0,1.3,ESE,Wanshouxigong,102.0
7,15,200.0,12.0,20.0,1500.0,213.0,30.5,1000.4,23.2,0.0,2.9,SE,Shunyi,200.0
11,11,34.0,1.0,,200.0,63.189,10.3,1010.5,-9.4,0.0,2.1,NNW,Dingling,3.0
2,18,15.0,8.0,11.0,400.0,63.0,-0.6,1024.1,-20.9,0.0,6.6,NW,Aotizhongxin,9.0
1,5,158.0,35.0,100.0,4200.0,7.0,-7.225,1030.0,-11.1,0.0,1.2,NE,Wanliu,158.0
3,15,5.0,5.0,8.0,300.0,106.0,25.9,1007.0,-1.9,0.0,1.8,S,Aotizhongxin,12.0
1,15,17.0,3.0,18.0,700.0,52.0,3.89,1018.0,-15.6,0.0,2.7,SW,Gucheng,8.0
11,3,170.0,42.2688,100.597,,0.6426,6.2,1012.9,0.7,0.0,0.4,NNW,Dingling,153.0
9,6,13.0,2.0,22.0,300.0,17.0,17.6,999.8,15.6,0.0,0.6,NNW,Gucheng,9.0
12,22,254.0,2.0,91.0,3300.0,2.0,-1.7,1020.8,-5.6,0.0,0.6,NE,Tiantan,254.0
10,18,45.0,2.0,26.0,100.0,45.0,14.0,1012.3,-6.3,0.0,2.7,NW,Nongzhanguan,7.0
2,17,65.0,11.0,53.0,800.0,81.0,14.8,1012.2,-9.3,0.0,3.4,SSW,Wanliu,54.0
11,11,217.0,20.0,76.0,3200.0,,7.1,1019.3,4.4,0.0,1.1,ENE,Nongzhanguan,217.0
4,10,136.0,4.0,27.0,600.0,114.0,24.0,1007.3,2.2,0.0,1.7,SSE,Huairou,65.0
1,21,20.0,9.0,28.0,800.0,47.0,-3.3,1019.7,-17.7,0.0,1.4,N,Changping,17.0
7,2,278.0,5.0,125.0,2200.0,2.0,24.5,998.5,23.3,0.0,0.3,ENE,Dongsi,278.0
11,23,7.0,2.0,20.0,200.0,45.0,11.6,1023.0,-7.3,0.0,1.4,NE,Wanliu,4.0
4,19,143.0,12.0,55.0,2300.0,95.0,17.3,1003.5,-1.9,0.0,0.2,WSW,Gucheng,49.0
2,13,6.0,7.0,4.0,100.0,75.0,1.0,1017.7,-16.9,0.0,3.0,N,Dingling,5.0
8,11,56.0,5.712,74.9345,2800.0,1.0,24.2,994.2,22.6,0.0,0.9,ENE,Wanliu,105.0
4,10,14.0,11.0,41.0,200.0,76.4694,11.0,1015.1,-9.9,0.0,6.4,NNW,Wanliu,7.0
8,4,25.0,2.0,26.0,900.0,59.0,21.2,1006.9,15.9,0.0,1.8,ESE,Aotizhongxin,25.0
10,23,52.0,2.0,13.0,800.0,23.0,9.7,1011.0,8.9,0.2,1.8,ENE,Huairou,52.0
11,16,62.0,2.0,31.0,1000.0,27.0,7.2,1027.7,1.9,0.0,0.9,ESE,Shunyi,62.0
10,21,25.0,2.0,29.0,300.0,42.0,9.2,1019.5,-6.3,0.0,1.1,NNE,Dongsi,11.0
7,19,59.0,10.0,30.0,900.0,197.0,29.1,1002.7,10.2,0.0,2.1,SSE,Nongzhanguan,32.0
2,1,200.0,62.0,125.0,2900.0,2.0,-4.0,1016.0,-15.9,0.0,0.7,NE,Nongzhanguan,189.0
12,19,114.0,51.0,105.0,1600.0,3.0,-1.6,1013.4,-15.4,0.0,0.7,S,Shunyi,72.0
1,0,31.0,21.0,29.0,900.0,43.0,-4.175,1021.0,-21.4,0.0,1.5,NE,Changping,22.0
1,8,103.0,41.0,79.0,2000.0,4.0,3.7,1015.0,-12.3,0.0,1.0,SW,Huairou,50.0
12,8,33.0,15.0,48.0,800.0,16.0,2.0,1027.0,-8.7,0.0,1.4,NNE,Dongsi,24.0
8,1,19.0,2.0,5.0,400.0,54.0,17.6,991.8,15.9,0.0,0.5,N,Huairou,19.0
6,0,228.0,15.0,64.0,1200.0,53.0,24.4,996.5,19.2,0.0,1.3,SSE,Guanyuan,81.0
10,8,144.0,2.0,51.0,1400.0,2.0,13.3,1018.0,12.7,0.0,0.8,N,Shunyi,144.0
5,0,24.0,3.0,17.0,300.0,61.0,14.4,999.7,6.7,0.0,1.3,WNW,Huairou,13.0
6,16,89.0,4.0,26.0,900.0,174.0,24.3,996.3,21.0,2.0,1.8,N,Wanliu,36.0
1,18,213.0,21.0,140.0,4300.0,2.0,0.7,1021.1,-3.4,0.0,0.7,ENE,Wanshouxigong,213.0
12,5,11.0,9.0,14.0,400.0,56.0,4.0,1018.8,-10.1,0.0,5.5,NW,Aotizhongxin,11.0
5,12,33.0,2.0,10.0,300.0,111.0,23.1,1006.8,-6.9,0.0,2.8,WNW,Gucheng,18.0
11,17,33.0,13.0,56.0,600.0,29.988,7.8,1017.7,-0.7,0.0,1.1,SW,Guanyuan,29.0
12,17,110.0,31.0,80.0,1600.0,6.0,0.9,1024.5,-13.2,0.0,1.9,WSW,Wanliu,94.0
11,16,83.0,22.0,72.0,1300.0,13.0,6.8,1020.8,-10.5,0.0,1.1,ESE,Changping,49.0
9,4,21.0,3.0,45.0,200.0,15.0,25.7,990.1,-2.0,0.0,2.6,WNW,Guanyuan,8.0
9,22,65.0,2.0,54.0,1300.0,18.0,18.8,1013.0,15.3,0.0,2.3,SW,Tiantan,65.0
5,8,113.0,47.0,71.0,1800.0,35.0,23.9,1001.0,11.9,0.0,1.1,E,Wanshouxigong,78.0
3,2,154.0,28.0,144.0,2900.0,2.0,-1.5,1012.7,-7.6,0.0,1.0,ENE,Wanliu,154.0
5,16,129.0,37.0,23.0,1100.0,204.0,27.4,1005.1,5.0,0.0,3.6,SW,Changping,47.0
12,6,110.0,36.0,59.0,3200.0,4.0,-7.9,1007.1,-16.8,0.0,1.6,WNW,Huairou,80.0
1,22,159.0,35.0,68.0,2200.0,2.0,-0.5,1022.1,-5.9,0.0,2.9,ESE,Shunyi,88.0
3,21,143.0,13.0,30.0,500.0,86.0,10.2,1012.4,-7.1,0.0,1.8,E,Changping,47.0
3,20,180.0,16.0,78.0,1399.0,32.0,3.3,1000.4,-1.5,0.0,1.2,SSE,Huairou,178.0
7,16,26.0,10.0,18.0,100.0,90.0,32.6,995.8,10.6,0.0,3.1,NNE,Wanliu,14.0
2,21,432.0,93.0,139.0,3900.0,1.0,-0.9,1019.0,-4.6,0.0,1.5,ENE,Guanyuan,451.0
9,6,83.0,9.4248,56.0469,1400.0,7.0,17.7,1011.4,17.1,1.3,1.7,NNE,Wanliu,66.0
3,5,118.0,90.0,85.0,2700.0,3.0,2.6,1016.7,-6.0,0.0,0.4,NNE,Aotizhongxin,73.0
9,6,88.0,2.0,42.0,1200.0,2.0,16.2,1011.4,15.7,0.0,1.1,NE,Wanshouxigong,82.0
4,22,136.0,7.0,70.0,600.0,60.0,20.3,998.8,0.1,0.0,2.2,SW,Aotizhongxin,48.0
9,5,43.0,2.0,44.0,500.0,2.0,20.9,1002.8,17.1,0.0,0.5,W,Guanyuan,19.0
1,6,79.0,3.0,55.0,1700.0,2.0,-7.6,1015.9,-10.0,0.0,1.0,NW,Huairou,79.0
9,20,166.0,16.0,99.0,1600.0,10.0,17.9,1010.9,15.9,0.0,0.0,N,Changping,162.0
10,19,123.0,2.0,67.0,1400.0,2.0,10.475,1011.0,7.3,0.1,1.0,SW,Dongsi,89.0
10,3,15.0,2.0,18.0,200.0,47.0,7.0,1022.3,-11.2,0.0,1.7,NNW,Tiantan,3.0
3,1,96.0,82.0,56.0,1300.0,99.0,7.8,1016.5,-10.6,0.0,1.3,SSE,Tiantan,76.0
7,21,67.0,6.0,64.0,900.0,70.0,27.9,1002.4,18.3,0.0,1.6,NNW,Guanyuan,56.0
11,22,38.0,5.0,76.0,900.0,2.0,3.1,1006.7,-4.6,0.0,1.0,NNE,Gucheng,33.0
8,5,26.0,2.0,24.0,600.0,34.0,17.2,1001.1,17.2,0.0,0.1,N,Gucheng,19.0
12,5,16.0,4.0,11.0,300.0,52.0,-2.7,1030.0,-22.6,0.0,2.4,N,Aotizhongxin,4.0
2,6,97.0,37.0,83.0,2100.0,7.0,3.0,1007.0,-13.8,0.0,2.0,E,Gucheng,77.0
7,17,76.0,10.0,19.0,800.0,275.0,29.8,999.3,14.7,0.0,2.4,SSE,Dingling,72.0
9,15,149.0,67.0,50.0,2100.0,130.0,25.1,1010.8,19.7,0.0,1.9,ESE,Dongsi,137.0
6,7,298.0,23.0,44.0,2600.0,66.0,23.0,1002.4,18.5,0.0,1.1,NNE,Wanliu,298.0
4,10,144.0,11.0,95.0,900.0,17.0,14.9,1010.5,-0.1,0.0,1.0,WNW,Tiantan,73.0
9,6,16.0,2.0,43.0,300.0,10.0,12.6,1010.3,6.0,0.0,1.4,NNE,Dongsi,10.0
3,22,73.0,12.0,36.0,400.0,68.0,9.2,1015.5,-7.9,0.0,3.5,SSW,Guanyuan,43.0
6,13,12.0,2.0,11.0,300.0,138.0,31.4,999.5,11.2,0.0,1.9,SE,Gucheng,12.0
10,16,68.0,2.0,53.0,1300.0,6.0,12.1,1011.0,5.9,0.0,1.1,S,Tiantan,66.0
2,23,343.0,73.0,88.0,3300.0,1.0,3.2,1022.2,-2.1,0.0,2.7,ESE,Dingling,343.0
2,8,62.0,2.0,31.0,1800.0,13.0,-2.0,1016.0,-2.7,0.5,0.7,NE,Huairou,55.0
8,1,20.0,2.0,17.0,500.0,110.0,20.2,997.0,20.0,0.0,0.5,ESE,Gucheng,20.0
11,11,28.0,6.0,47.0,1100.0,23.0,9.2,1031.0,-5.9,0.0,2.2,WSW,Aotizhongxin,19.0
9,3,98.0,2.0,26.0,,2.0,15.4,1010.0,14.1,0.0,0.0,N,Shunyi,77.0
3,2,172.0,22.0,28.0,1200.0,93.0,13.8,1003.8,2.7,0.0,0.9,WNW,Dingling,152.0
4,12,123.0,25.0,59.0,500.0,91.0,20.9,998.6,-1.0,0.0,2.8,ENE,Gucheng,34.0
8,7,43.0,2.0,46.0,800.0,58.0,25.6,1006.3,16.4,0.0,1.9,ENE,Wanshouxigong,31.0
8,11,92.0,22.0,27.0,600.0,70.0,34.2,997.3,13.6,0.0,3.6,WNW,Dongsi,34.0
6,18,77.0,2.0,21.0,800.0,159.0,25.9,1004.4,15.6,0.0,2.5,SSW,Wanshouxigong,70.0
12,12,21.0,21.0,38.0,,25.9182,4.1,1026.5,-16.9,0.0,1.1,NNW,Wanliu,13.0
2,3,27.0,6.0,13.0,300.0,76.0,6.8,1012.8,-16.6,0.0,6.0,NW,Tiantan,11.0
2,5,8.0,7.0,11.0,300.0,64.0,-6.8,1025.5,-20.8,0.0,2.6,NNE,Wanliu,6.0
3,6,120.0,6.0,25.0,1000.0,49.0,5.1,1021.0,-0.5,0.0,1.7,NW,Huairou,116.0
4,13,150.0,2.0,7.0,200.0,104.0,18.9,1017.8,-19.6,0.0,4.9,NW,Dongsi,3.0
2,13,86.0,43.0,54.0,1300.0,47.0,7.0,1023.0,-11.2,0.0,3.2,N,Wanliu,86.0
9,11,249.0,19.0,110.0,1500.0,4.0,17.5,1013.4,14.9,0.0,1.4,NE,Aotizhongxin,214.0
11,4,188.0,2.0,61.0,3400.0,2.0,7.2,1004.0,6.3,0.0,0.5,ENE,Shunyi,159.0
5,11,20.0,3.0,11.0,200.0,108.0,23.5,1003.1,4.4,0.0,3.5,NW,Aotizhongxin,11.0
1,8,163.0,43.0,90.0,3200.0,2.0,-6.1,1031.0,-10.3,0.0,1.6,NE,Dongsi,153.0
7,10,114.0,10.0,48.0,1000.0,50.0,30.2,1002.5,23.4,0.0,0.9,NNE,Guanyuan,114.0
1,23,20.0,12.0,18.0,100.0,47.0,-3.0,1020.6,-17.4,0.0,1.4,N,Dingling,17.0
9,6,37.0,1.0,44.0,800.0,1.0,9.2,1019.6,6.6,0.0,0.6,WSW,Tiantan,15.0
10,20,242.0,3.0,88.0,1600.0,44.0,15.2,1014.4,13.6,0.0,0.1,SE,Guanyuan,228.0
6,2,104.0,3.0,5.0,100.0,22.0,18.0,1004.6,17.0,0.0,0.5,WSW,Shunyi,106.0
12,19,147.0,16.0,89.0,2500.0,4.0,0.9,1020.9,-4.5,0.0,1.2,NW,Changping,127.0
1,23,90.0,25.0,75.0,1900.0,14.0,-5.0,1023.0,-12.4,0.0,0.6,SSW,Shunyi,90.0
10,2,111.0,3.0,89.0,1300.0,2.0,8.8,1017.9,4.4,0.0,0.4,NW,Wanshouxigong,76.0
11,3,327.0,27.0,112.0,4200.0,7.0,-1.3,1019.3,-4.1,0.0,0.2,,Shunyi,299.0
12,21,231.0,63.0,120.0,4300.0,2.0,-1.1,1025.0,-10.0,0.0,0.8,E,Dingling,231.0
4,22,136.0,6.0,48.0,1100.0,48.0,6.6,1013.1,1.5,0.0,1.2,NNE,Huairou,136.0
8,17,77.0,5.0,22.0,600.0,44.0,23.3,993.3,23.3,0.0,1.0,SW,Huairou,21.0
2,3,307.0,26.0,89.0,6100.0,2.0,-2.0,1010.0,-7.9,0.0,2.1,WNW,Huairou,290.0
6,14,234.0,65.0,35.0,1700.0,228.0,29.2,999.1,16.0,0.0,2.4,SW,Huairou,160.0
5,23,95.0,14.0,38.0,600.0,138.0,23.0,1002.4,10.8,0.0,2.7,SSW,Dongsi,89.0
5,22,47.0,9.0,46.0,500.0,135.0,25.1,1004.8,10.5,0.0,2.2,SW,Wanliu,42.0
1,8,208.0,103.0,115.0,4800.0,3.0,3.0,1006.0,-5.7,0.0,0.8,SW,Wanshouxigong,115.0
12,12,131.0,91.0,73.0,1900.0,14.0,8.2,1009.0,-9.3,0.0,1.2,SSE,Changping,120.0
3,13,98.0,46.0,40.0,,66.0,6.8,1021.2,-18.1,0.0,4.0,WSW,Nongzhanguan,93.0
9,8,202.0,8.0,85.0,1800.0,5.0,19.5,1006.2,16.7,0.0,1.4,E,Nongzhanguan,202.0
4,3,96.0,14.0,21.0,1000.0,24.0,8.8,1003.5,-0.8,0.0,1.1,SSW,Huairou,38.0
5,7,108.0,4.0,63.0,700.0,5.0,15.3,1006.9,2.1,0.0,1.0,SW,Wanshouxigong,40.0
7,9,38.0,13.0,29.0,900.0,46.0,25.5,1005.9,8.5,0.0,2.4,E,Dongsi,16.0
8,13,8.0,2.0,15.0,300.0,99.0,34.2,997.3,12.5,0.0,1.7,NE,Aotizhongxin,8.0
10,18,43.0,2.0,48.0,1400.0,2.0,14.9,1009.9,14.1,0.3,1.5,ENE,Nongzhanguan,43.0
1,9,41.0,22.0,29.0,1100.0,34.0,-2.0,1019.0,-20.9,0.0,2.1,NNW,Dingling,28.0
8,14,67.0,2.0,6.0,400.0,148.0,29.5,998.2,19.5,0.0,2.4,ESE,Changping,38.0
2,7,17.0,7.0,25.0,300.0,68.0,-5.1,1034.6,-20.4,0.0,1.0,ENE,Wanshouxigong,5.0
10,1,41.0,2.0,48.0,700.0,2.0,14.6,1007.1,13.8,0.0,1.8,SW,Shunyi,41.0
7,23,50.0,7.0,129.0,1000.0,2.0,23.3,998.6,18.6,0.0,0.1,N,Aotizhongxin,50.0
6,7,106.0,8.0,106.0,900.0,8.0,20.8,1007.6,7.4,0.0,1.1,NNE,Guanyuan,52.0
12,7,27.0,94.0,36.0,800.0,26.0,1.8,1016.2,-11.7,0.0,1.8,NNE,Changping,25.0
12,1,148.0,44.0,95.0,2900.0,3.0,1.5,1026.1,-3.6,0.0,0.2,NE,Wanliu,148.0
2,22,12.0,3.0,6.0,100.0,74.0,-3.8,1025.7,-20.5,0.0,6.0,N,Wanliu,10.0
4,8,70.0,2.0,23.0,300.0,65.0,16.2,1012.7,-2.8,0.0,3.1,ENE,Wanshouxigong,17.0
4,18,90.0,14.0,41.0,700.0,91.0,13.5,1009.1,3.3,0.0,2.0,SE,Changping,89.0
4,1,59.0,11.0,35.0,500.0,61.0,13.2,1017.7,6.5,0.0,1.0,SE,Nongzhanguan,37.0
2,21,110.0,5.0,35.0,400.0,36.0,-0.7,1018.6,-16.2,0.0,0.6,WSW,Guanyuan,36.0
10,17,171.0,30.0,68.0,1300.0,127.0,22.4,1007.8,9.9,0.0,1.4,SSW,Wanliu,167.0
8,17,38.0,2.0,33.0,800.0,68.0,24.0,999.0,18.2,0.0,1.7,WNW,Changping,38.0
11,14,18.0,18.0,21.1459,,48.8376,10.9,1017.3,-11.9,0.0,2.3,NNE,Wanliu,18.0
12,18,511.0,8.0,116.0,6400.0,3.0,-3.6,1012.8,-4.0,0.0,1.0,E,Dongsi,493.0
7,17,42.0,2.0,8.0,1200.0,51.0,29.6,991.9,25.4,0.0,2.7,NE,Huairou,28.0
2,17,20.0,3.0,12.0,200.0,70.0,10.0,1015.0,-13.3,0.0,4.1,N,Dongsi,14.0
3,12,29.0,23.0,38.0,2000.0,60.0,9.0,1018.4,-10.5,0.0,2.1,ESE,Shunyi,47.0
1,18,10.0,2.0,6.0,300.0,74.0,0.0,1021.0,-16.8,0.0,3.4,WNW,Dingling,10.0
7,2,57.0,3.0,95.0,700.0,2.0,23.4,997.4,22.6,0.0,0.0,W,Aotizhongxin,57.0
9,16,114.0,6.0,29.0,600.0,206.0,28.0,1001.2,11.5,0.0,1.8,SSE,Gucheng,45.0
7,20,89.0,3.0,23.0,500.0,171.0,30.4,995.2,21.2,0.0,1.6,NNW,Changping,53.0
1,16,71.0,52.0,126.0,2000.0,6.0,7.8,1012.6,-13.2,0.0,1.4,ENE,Wanliu,71.0
3,22,121.0,3.0,10.0,300.0,80.0,4.1,1021.0,-21.9,0.0,3.4,NNW,Huairou,10.0
10,12,194.0,13.0,39.0,1500.0,139.0,22.9,1007.9,14.2,0.0,2.3,ESE,Dingling,194.0
11,16,44.0,7.0,37.0,1500.0,2.0,0.0,1027.9,-0.6,0.1,1.3,ESE,Guanyuan,44.0
10,5,153.0,17.9928,81.0935,1700.0,1.0,17.5,1009.8,17.0,0.8,0.7,NE,Wanliu,191.0
6,12,87.0,2.0,64.0,800.0,76.0,19.8,1000.8,14.8,1.0,1.9,SSW,Aotizhongxin,50.0
12,18,458.0,14.0,160.0,3900.0,3.0,-1.3,1021.9,-6.5,0.0,0.6,S,Wanshouxigong,392.0
4,19,163.0,37.0,24.0,1000.0,166.0,20.9,1005.5,15.4,0.2,0.7,W,Tiantan,130.0
11,7,178.0,2.0,72.0,2400.0,2.0,-3.8,1012.0,-5.6,0.0,2.0,NNW,Huairou,145.0
2,12,5.0,4.0,10.0,300.0,73.0,6.8,1024.3,-13.5,0.0,3.8,N,Aotizhongxin,7.0
1,0,211.0,126.0,112.0,4900.0,,-6.1,1027.1,-14.4,0.0,0.7,NNE,Wanliu,156.0
9,6,96.0,3.0,28.0,1400.0,9.0,19.0,1012.7,16.8,0.0,1.8,E,Shunyi,79.0
12,19,74.0,10.0,7.0,300.0,65.0,6.7,1004.4,-17.4,0.0,2.4,W,Dingling,22.0
12,7,145.0,60.0,85.0,4800.0,8.0,5.3,1008.1,-15.3,0.0,4.3,WNW,Dongsi,106.0
3,7,125.0,18.0,89.0,,2.7846,1.2,1016.5,-5.1,0.0,1.8,ESE,Gucheng,75.0
11,13,300.0,13.0,120.0,3200.0,8.0,5.8,1024.1,0.3,0.0,2.3,SE,Wanshouxigong,192.0
8,19,116.0,4.0,20.9406,1700.0,166.0,28.6,1001.0,24.8,0.0,1.0,E,Shunyi,88.0
6,16,108.0,25.0,13.0,800.0,221.0,28.6,991.1,11.6,0.0,3.3,ESE,Dingling,46.0
9,19,70.0,3.0,50.0,500.0,69.0,17.2,1016.8,11.7,0.0,1.5,W,Nongzhanguan,30.0
7,12,64.0,2.0,22.0,400.0,163.0,34.5,1002.3,25.9,0.0,1.6,SSW,Aotizhongxin,64.0
11,0,164.0,17.0,90.0,2300.0,2.0,4.6,1011.0,0.2,0.0,1.6,WSW,Huairou,142.0
12,19,68.0,8.0,81.0,1400.0,2.0,-0.2,1027.6,-4.3,0.0,0.1,SE,Shunyi,25.0
11,11,11.0,6.0,19.0,400.0,47.0,11.6,1026.1,-4.6,0.0,2.9,NNE,Tiantan,11.0
12,2,33.0,25.0,28.0,1100.0,22.491,-3.9,1010.8,-10.7,0.0,1.0,WNW,Huairou,49.0
3,7,50.0,9.0,52.0,400.0,14.0,8.4,1013.8,-4.8,0.0,0.9,ESE,Aotizhongxin,9.0
9,16,86.0,12.0,84.0,600.0,43.0,22.4,1013.9,13.2,0.0,1.5,SW,Wanliu,59.0
5,15,168.0,20.0,28.0,900.0,242.0,28.7,992.7,14.9,0.0,1.5,SSE,Changping,141.0
1,12,282.0,89.0,65.0,2300.0,54.0,-0.533333333333333,1018.0,-8.2,0.0,2.4,NE,Aotizhongxin,249.0
11,22,79.0,2.0,43.0,2500.0,2.0,1.2,1024.3,0.5,0.6,1.0,SE,Shunyi,79.0
2,6,10.0,16.0,30.0,300.0,41.0,-7.0,1033.0,-25.7,0.0,3.2,N,Guanyuan,10.0
10,0,317.0,2.0,119.0,2700.0,2.0,14.0,1012.7,10.6,0.0,0.6,NE,Gucheng,317.0
12,16,119.0,26.0,100.0,2000.0,6.0,4.7,1024.8,-9.5,0.0,1.0,NW,Wanliu,98.0
7,20,217.0,3.0,9.0,800.0,114.0,27.4,991.4,23.8,0.0,0.6,ENE,Huairou,33.0
4,5,81.0,2.0,8.0,100.0,105.0,12.9,1007.8,-14.9,0.0,3.9,NW,Tiantan,12.0
2,23,71.0,11.0,87.0,1200.0,4.0,8.6,1014.1,-15.9,0.0,1.3,NNE,Dongsi,30.0
10,11,11.0,2.0,18.0,600.0,23.0,13.7,1020.1,4.0,0.0,4.0,ENE,Guanyuan,9.0
4,22,176.0,20.0,41.0,1500.0,100.0,17.0,1004.3,7.6,0.0,1.9,SW,Gucheng,124.0
4,7,63.0,2.0,38.0,300.0,36.0,12.8,1011.8,-9.6,0.0,1.5,NE,Wanshouxigong,8.0
3,4,120.0,9.0,25.0,900.0,65.0,7.0,1020.6,-0.2,0.0,1.3,NW,Dingling,110.0
8,13,23.0,4.0,20.0,200.0,128.0,30.4,1008.2,8.7,0.0,3.3,ESE,Aotizhongxin,23.0
3,9,190.0,8.0,53.0,1000.0,27.0,10.3,1015.4,-7.9,0.0,1.2,NNW,Shunyi,76.0
6,20,122.0,2.0,55.0,1100.0,71.0,21.9,1001.7,18.9,0.0,1.3,SE,Nongzhanguan,122.0
8,15,18.0,2.0,6.0,500.0,79.0,30.7,994.2,13.9,0.0,0.6,W,Huairou,15.0
12,0,122.0,36.0,71.0,1900.0,9.0,-2.1,1023.0,-10.9,0.0,0.8,E,Shunyi,79.0
4,9,96.0,25.0,66.0,900.0,14.0,9.9,1017.6,1.0,0.0,0.9,W,Wanliu,81.0
6,14,54.0,7.0,10.0,600.0,192.0,33.8,993.8,13.3,0.0,3.7,SSW,Huairou,41.0
3,3,22.0,6.0,31.0,,46.0,1.6,1017.5,-14.1,0.0,3.3,NNE,Aotizhongxin,11.0
4,15,14.0,7.0,22.0,300.0,83.0,22.6,1009.9,-2.9,0.0,3.4,WNW,Shunyi,3.0
8,0,127.0,4.0,41.0,1200.0,132.0,28.1,1003.5,20.9,0.0,2.6,WSW,Nongzhanguan,85.0
3,0,16.0,2.0,12.0,200.0,74.0,7.2,1012.9,-17.8,0.0,3.8,NW,Shunyi,12.0
5,21,202.0,41.0,56.0,1700.0,103.0,21.1,993.8,5.0,0.0,0.8,E,Dingling,100.0
4,19,114.0,8.0,22.0,400.0,102.0,20.3,1003.2,-6.4,0.0,3.8,WNW,Gucheng,34.0
1,15,37.0,6.0,,300.0,81.0,7.6,1007.5,-20.1,0.0,2.6,ESE,Dingling,10.0
7,15,76.0,3.1416,20.7353,,205.0,29.9,1001.9,19.9,0.0,2.5,SE,Dongsi,76.0
6,23,42.0,0.2856,25.4572,,125.7354,26.9,991.7,17.9,0.0,1.4,E,Changping,9.0
11,20,126.0,26.0,90.0,1700.0,,0.5,1018.7,-4.3,0.0,0.0,N,Aotizhongxin,82.0
3,18,145.0,52.0,66.0,1100.0,107.0,9.4,997.5,-1.7,0.0,1.3,WSW,Huairou,136.0
9,15,8.0,2.0,3.0,300.0,67.0,30.7,1002.7,17.0,0.0,1.7,SE,Huairou,8.0
1,0,509.0,5.0,102.0,5900.0,2.0,-4.7,1022.1,-6.1,0.0,1.0,ENE,Tiantan,423.0
12,21,393.0,3.0,190.0,7100.0,2.0,-1.6,1022.5,-4.4,0.0,0.1,N,Tiantan,393.0
2,14,17.0,2.0,6.0,100.0,90.0,9.0,1019.0,-12.2,0.0,2.7,NE,Shunyi,11.0
9,14,11.0,2.0,17.0,200.0,101.0,29.4,1005.0,11.0,0.0,2.0,ESE,Aotizhongxin,7.0
1,3,51.0,11.0,61.0,1400.0,2.0,-13.4,1026.4,-21.6,0.0,1.2,ENE,Wanshouxigong,31.0
8,17,107.0,2.0,26.0,1600.0,218.0,32.6,1004.1,24.4,0.0,2.8,SE,Wanshouxigong,99.0
2,3,103.0,15.0,26.0,1600.0,13.0,-3.9,1021.2,-5.3,0.2,0.7,SE,Shunyi,141.0
9,0,190.0,2.0,47.0,1300.0,102.0,23.4,1009.2,21.1,0.0,1.0,ENE,Aotizhongxin,190.0
9,13,31.0,2.0,18.0,300.0,65.0,27.6,994.8,12.8,0.0,2.5,NNE,Gucheng,9.0
3,1,79.0,16.0,101.0,1700.0,4.0,0.5,1019.9,-4.2,0.0,0.7,ESE,Gucheng,64.0
6,13,124.0,12.0,53.0,1000.0,203.0,29.3,1002.7,17.2,0.0,2.0,SSW,Wanliu,124.0
7,21,30.0,2.0,8.0,600.0,173.0,23.4,998.5,22.2,23.7,1.0,SW,Wanliu,30.0
7,13,82.0,5.0,11.0,700.0,127.0,33.9,994.9,21.0,0.0,1.3,SSW,Dingling,56.0
1,16,160.0,29.0,18.0,800.0,76.0,4.1,1015.3,-9.3,0.0,1.7,SSE,Dingling,64.0
8,5,204.0,19.0,54.0,2600.0,38.0,27.4,1002.0,26.5,0.0,1.2,E,Nongzhanguan,195.0
3,11,125.0,14.0,81.0,1300.0,33.0,13.9,1023.3,-3.0,0.0,1.4,NNE,Dongsi,93.0
4,11,14.0,4.0,2.0,200.0,93.0,10.6,1023.5,-17.7,0.0,3.2,WNW,Dingling,14.0
7,0,182.0,2.0,35.0,1300.0,110.0,29.8,1000.1,23.0,0.0,1.4,SE,Shunyi,143.0
9,9,121.0,4.0,97.0,1300.0,9.0,22.2,1011.2,17.1,0.0,1.7,ENE,Nongzhanguan,77.0
10,12,150.0,19.0,79.0,900.0,53.0,21.9,1010.6,3.0,0.0,1.6,SW,Nongzhanguan,93.0
3,21,241.0,63.0,121.0,3400.0,4.0,2.0,1014.6,-7.4,0.0,0.9,E,Huairou,214.0
4,18,106.0,19.0,73.0,1500.0,40.0,14.2,1005.0,3.6,0.0,1.8,E,Changping,78.0
3,19,225.0,18.0,32.0,800.0,105.0,14.7,1004.6,-11.7,0.0,1.6,ESE,Dingling,83.0
10,5,9.0,2.0,19.0,300.0,39.0,9.675,1010.75,2.9,0.0,1.9,NW,Changping,9.0
8,14,58.0,4.0,28.0,800.0,192.0,30.2,1005.9,17.6,0.0,2.5,WSW,Nongzhanguan,56.0
7,21,20.0,6.0,60.0,900.0,23.0,24.8,1001.0,18.3,0.0,0.8,ENE,Aotizhongxin,20.0
4,16,144.0,14.0,29.0,1400.0,155.0,19.6,1011.6,11.1,0.0,1.9,SW,Wanshouxigong,133.0
8,14,30.0,2.0,18.0,800.0,89.0,23.0,1007.5,17.9,0.0,1.4,E,Dongsi,30.0
11,20,367.0,13.0,103.0,3400.0,5.0,5.2,1011.3,4.0,0.0,0.8,ENE,Nongzhanguan,282.0
9,21,31.0,2.0,32.0,600.0,,20.3,1012.5,16.9,0.0,1.3,NNE,Shunyi,25.0
5,18,31.0,6.0,37.0,300.0,71.0,19.9,997.6,-0.2,0.0,1.2,SSE,Aotizhongxin,14.0
11,13,252.0,63.0,105.0,4800.0,21.0,3.6,1021.0,-3.5,0.0,1.7,NNE,Wanshouxigong,252.0
7,23,130.0,2.0,35.0,700.0,84.0,27.4,1003.8,21.2,0.0,1.9,SSE,Shunyi,95.0
1,9,23.0,25.0,46.0,800.0,26.0,-1.0,1028.0,-21.8,0.0,1.6,NE,Dongsi,9.0
7,13,5.0,3.0,6.0,200.0,105.0,36.5,989.7,9.9,0.0,3.0,SSE,Dingling,3.0
12,20,65.0,30.0,86.0,1900.0,10.0,-1.6,1028.2,-15.1,0.0,0.0,SE,Gucheng,38.0
4,10,80.0,2.0,22.0,300.0,73.0,18.0,1012.1,-9.1,0.0,4.0,NE,Guanyuan,63.0
10,3,37.0,9.0,20.0,300.0,52.0,11.7,1002.4,-2.9,0.0,0.9,ENE,Dingling,10.0
4,13,56.0,7.0,20.0,500.0,147.0,26.5,1002.3,-0.6,0.0,2.5,SSW,Tiantan,56.0
3,5,22.0,3.0,18.0,300.0,44.0,-3.7,1024.3,-21.4,0.0,1.1,N,Changping,3.0
10,23,20.0,2.0,37.0,400.0,23.0,8.7,1016.4,-4.5,0.0,1.6,N,Shunyi,12.0
12,2,28.0,19.0,57.0,,7.0,-2.8,1017.2,-12.3,0.0,1.1,E,Dongsi,26.0
3,0,36.0,9.0,14.0,700.0,54.0,3.6,1016.4,-5.1,0.0,3.8,E,Dingling,32.0
8,5,81.0,9.0,44.0,900.0,30.0,23.4,1000.9,20.1,0.0,0.0,ENE,Gucheng,61.0
9,7,22.0,2.0,33.0,800.0,20.0,19.3,1013.8,16.3,0.0,1.0,NE,Nongzhanguan,22.0
10,5,90.0,4.0,71.0,700.0,1.0,9.5,1010.5,6.6,0.0,0.9,NNW,Changping,51.0
7,15,37.0,8.8536,40.8547,400.0,181.0,35.7,994.3,18.3,0.0,2.2,SW,Wanliu,30.0
12,2,81.0,18.0,62.0,1100.0,2.0,-1.7,1025.7,-15.2,0.0,0.6,W,Dongsi,42.0
7,19,153.0,14.0,18.0,900.0,241.0,31.0,1000.9,18.4,0.0,2.5,WSW,Tiantan,103.0
5,4,37.0,2.0,29.0,300.0,45.0,17.9,1013.4,-8.3,0.0,1.7,NW,Guanyuan,11.0
5,11,13.0,10.0,28.0,300.0,85.0,28.2,996.0,6.3,0.0,3.4,WSW,Wanliu,13.0
11,4,137.0,6.0,49.0,2000.0,2.0,5.6,1026.9,5.0,0.0,1.0,ESE,Dongsi,137.0
11,10,84.0,17.0,70.0,1800.0,2.0,7.4,1032.0,0.1,0.0,0.7,SW,Aotizhongxin,73.0
1,14,70.0,105.0,61.0,900.0,37.0,3.5,1017.7,-20.0,0.0,0.8,ESE,Huairou,54.0
3,16,57.0,10.0,45.0,300.0,79.0,22.8,1004.9,1.2,0.0,3.3,NE,Wanliu,19.0
3,14,152.0,61.0,60.0,2100.0,57.0,8.4,1011.3,-10.0,0.0,1.9,ESE,Aotizhongxin,127.0
9,4,27.0,2.0,48.0,2300.0,2.0,16.3,1012.4,16.0,0.1,1.1,NNE,Tiantan,27.0
12,11,293.0,102.0,140.0,1800.0,4.0,2.4,1017.0,-7.8,0.0,1.4,ENE,Changping,277.0
3,0,5.0,3.0,19.0,400.0,64.0,2.6,1025.4,-23.1,0.0,4.4,NNW,Dongsi,8.0
6,22,160.0,6.0,97.0,1000.0,60.0,26.0,991.8,19.6,0.0,0.5,W,Gucheng,81.0
10,13,53.0,2.0,8.0,200.0,77.0,20.4,1001.9,-3.3,0.0,2.7,WNW,Gucheng,12.0
3,23,147.0,15.0,43.0,1500.0,56.0,8.9,1020.9,0.1,0.0,0.9,NW,Huairou,132.0
11,5,218.0,4.0,51.0,2500.0,2.0,6.7,1021.1,4.7,0.0,1.1,ESE,Shunyi,218.0
1,3,124.0,88.0,82.0,2300.0,1.0,-7.7,1029.4,-17.9,0.0,1.1,ESE,Tiantan,93.0
3,10,57.0,4.0,19.0,300.0,70.0,13.4,1022.5,-9.8,0.0,3.6,NNW,Nongzhanguan,9.0
6,6,59.0,2.0,50.0,500.0,7.0,18.8,993.2,12.3,0.0,0.8,SW,Changping,23.0
10,3,48.0,9.0,104.0,800.0,1.0,7.0,1020.9,-1.7,0.0,0.5,SSE,Nongzhanguan,41.0
6,8,124.0,2.0,55.0,1300.0,35.0,20.9,1005.9,18.1,0.0,1.8,ENE,Dongsi,124.0
12,7,423.0,8.0,106.0,9100.0,2.0,-3.4,1024.2,-3.9,0.0,0.9,E,Guanyuan,422.0
11,16,178.0,19.0,69.0,1000.0,29.0,8.8,1021.0,-1.6,0.0,2.6,WSW,Aotizhongxin,76.0
7,23,19.0,2.0,31.0,500.0,49.0,24.4,1000.8,21.1,0.0,1.3,NW,Huairou,19.0
6,21,199.0,15.0,164.0,1300.0,72.0,21.6,1001.5,16.5,0.0,0.0,WNW,Aotizhongxin,100.0
5,23,157.0,55.0,94.0,1200.0,31.0,17.0,1008.2,6.2,0.0,0.7,ENE,Wanliu,100.0
4,7,232.0,10.0,87.0,1600.0,4.0,14.6,1007.7,1.5,0.0,0.5,S,Changping,73.0
6,10,114.0,13.0,42.0,1500.0,80.0,24.3,1004.2,17.1,0.0,1.3,SE,Nongzhanguan,114.0
5,2,17.0,5.0,22.0,200.0,100.0,14.3,993.9,2.8,0.0,4.4,WNW,Tiantan,6.0
9,15,17.0,2.0,14.0,500.0,64.0,20.225,1017.0,2.1,0.0,4.1,NW,Wanshouxigong,3.0
4,17,31.0,3.0,,,2.0,11.3,1023.5,-13.7,0.0,2.6,S,Guanyuan,24.0
4,20,74.0,12.0,50.0,800.0,137.0,19.3,1009.3,4.6,0.0,1.3,S,Wanliu,64.0
4,6,66.0,9.0,63.0,600.0,25.0,12.0,1007.2,4.0,0.0,1.5,E,Tiantan,27.0
10,0,70.0,6.0,43.0,600.0,41.0,11.9,1008.9,6.2,0.0,2.2,N,Changping,50.0
5,17,198.0,27.0,77.0,900.0,130.0,24.7,1005.5,13.9,0.0,1.9,E,Wanshouxigong,117.0
8,11,134.0,2.0,51.0,1000.0,25.0,31.1,1001.1,27.5,0.0,1.4,NNE,Shunyi,124.0
2,13,343.0,67.0,136.0,400.0,12.0,6.9,1009.3,-10.4,0.0,1.9,S,Gucheng,321.0
3,12,38.0,6.0,6.0,200.0,92.0,20.9,1007.3,2.2,0.0,3.6,NE,Aotizhongxin,23.0
9,0,15.0,2.0,48.0,300.0,2.0,17.6,1018.0,12.9,0.0,1.7,NNE,Aotizhongxin,15.0
3,9,25.0,6.0,41.0,400.0,63.0,7.7,1019.4,-18.2,0.0,1.2,ESE,Dongsi,12.0
8,10,31.0,3.0,14.0,400.0,69.0,26.6,994.7,22.7,0.0,2.0,SSW,Dingling,30.0
8,13,28.0,2.0,13.0,600.0,137.0,27.7,1004.9,19.2,0.0,2.7,E,Guanyuan,22.0
2,3,161.0,45.0,46.0,2300.0,5.0,2.3,1007.3,-0.3,0.0,1.0,WSW,Nongzhanguan,151.0
1,12,36.0,14.0,26.0,500.0,83.0,3.66666666666667,1018.0,-11.4,0.0,3.4,SW,Aotizhongxin,25.0
9,9,110.0,11.0,47.0,1100.0,49.0,23.0,1006.3,14.0,0.0,1.9,SSE,Changping,72.0
10,18,18.0,2.0,20.0,400.0,13.0,9.7,1016.6,7.5,0.0,0.3,WSW,Wanliu,14.0
7,15,42.0,36.5568,44.7554,,43.0,22.8,1001.9,22.0,1.5,1.0,WNW,Dongsi,27.0
5,2,64.0,6.0,87.0,1100.0,4.0,15.5,1003.8,11.5,0.0,0.2,E,Wanshouxigong,34.0
9,16,9.0,6.0,15.0,300.0,99.0,27.3,1002.1,7.2,0.0,2.8,W,Aotizhongxin,9.0
6,1,7.0,2.0,13.0,200.0,42.0,17.7,1000.3,14.8,0.0,1.7,NNW,Dingling,7.0
2,6,6.0,4.0,,200.0,69.0,-3.8,1024.2,-31.1,0.0,1.1,NE,Dongsi,6.0
12,19,78.0,21.0,67.0,900.0,3.0,-3.1,1025.0,-15.4,0.0,1.2,WSW,Shunyi,22.0
9,10,65.0,2.0,22.0,300.0,19.0,22.7,1008.6,11.4,0.0,1.7,E,Huairou,15.0
12,21,267.0,30.0,127.0,5500.0,3.0,2.1,1021.8,-3.4,0.0,0.8,SSE,Tiantan,260.0
6,2,64.0,2.0,28.0,500.0,71.0,26.6,993.9,10.7,0.0,1.9,N,Dingling,49.0
12,7,58.0,24.0,53.0,1500.0,2.0,-8.7,1033.0,-13.7,0.0,1.8,N,Shunyi,58.0
11,22,101.0,4.0,65.0,1200.0,19.0,3.0,1025.0,0.6,0.0,0.9,SW,Dongsi,75.0
1,1,86.0,56.0,62.0,2300.0,1.0,-4.7,1016.5,-7.8,0.0,1.2,E,Nongzhanguan,64.0
4,13,130.0,19.0,31.0,600.0,83.0,16.0,999.8,-3.5,0.0,3.1,SE,Changping,52.0
6,22,82.0,2.0,76.0,800.0,37.0,21.3,998.8,13.5,0.0,0.6,ENE,Guanyuan,33.0
10,0,258.0,4.0,136.0,3100.0,1.0,13.8,1016.8,13.6,0.0,0.6,W,Wanshouxigong,255.0
9,14,18.0,2.0,15.0,600.0,95.0,18.0,1007.1,14.9,0.0,0.9,SSW,Guanyuan,18.0
12,23,427.0,8.0,164.0,8500.0,2.0,1.5,1019.7,-1.4,0.0,0.8,E,Tiantan,376.0
12,15,65.0,25.0,55.0,1700.0,19.0,2.3,1020.2,-19.7,0.0,1.2,S,Shunyi,56.0
4,2,115.0,9.0,34.0,600.0,86.0,19.7,997.9,10.7,0.0,1.2,NNE,Huairou,61.0
10,11,205.0,10.0,82.0,1100.0,11.0,19.9,1006.7,2.7,0.0,1.7,SSE,Changping,82.0
9,9,67.0,4.0,33.0,1600.0,50.0,22.8,1009.8,19.2,0.0,1.2,E,Aotizhongxin,59.0
11,15,13.0,2.0,9.0,200.0,58.4766,7.8,1021.5,-15.8,0.0,4.1,N,Shunyi,3.0
9,4,47.0,1.0,18.0,600.0,64.0,18.4,1008.7,15.5,0.0,0.2,N,Changping,43.0
1,14,141.0,25.0,79.0,1900.0,14.0,-0.38,1027.0,-7.4,0.0,1.5,SE,Wanliu,131.0
9,8,166.0,2.0,59.0,1300.0,37.0,19.8,1009.3,18.5,0.0,1.0,NNE,Wanliu,166.0
12,16,507.0,88.0,169.0,,10.0,-1.6,1022.3,-2.7,0.0,2.5,ESE,Aotizhongxin,470.0
7,7,240.0,2.0,36.0,1300.0,34.0,25.2,1002.7,22.5,0.0,1.6,SE,Shunyi,240.0
1,5,48.0,18.0,54.0,900.0,10.0,-5.0,1025.0,-18.8,0.0,0.8,ENE,Aotizhongxin,25.0
10,18,335.0,18.0,125.0,1900.0,148.0,19.1,1008.5,13.1,0.0,0.2,NW,Gucheng,278.0
1,22,85.0,20.0,34.0,100.0,59.0,-0.4,1028.1,-27.4,0.0,3.1,SW,Tiantan,64.0
7,23,97.0,18.564,39.8282,900.0,134.0,20.9,996.3,19.9,14.7,1.1,NE,Wanliu,116.0
6,13,170.0,3.0,56.0,2000.0,164.0,30.4,988.5,22.3,0.0,1.4,S,Gucheng,203.0
4,5,42.0,2.0,22.0,800.0,54.0,4.9,1003.2,3.2,0.9,1.3,NNE,Guanyuan,42.0
5,23,321.0,24.0,91.0,1700.0,137.0,22.4,999.6,15.3,0.0,0.9,ENE,Dongsi,179.0
2,21,257.0,20.0,58.0,1800.0,27.0,2.3,1011.4,-1.7,0.0,1.1,E,Dongsi,221.0
1,2,14.0,5.0,10.0,400.0,60.0,-4.725,1034.25,-24.9,0.0,3.5,NW,Wanshouxigong,9.0
6,21,87.0,10.0,53.0,700.0,149.0,30.8,1001.1,14.4,0.0,1.8,SSW,Nongzhanguan,50.0
4,9,138.0,23.0,81.0,2399.0,19.0,7.1,1002.2,-2.4,0.0,2.3,E,Gucheng,92.0
1,6,19.0,19.0,18.0,600.0,54.0,2.3,1012.3,-17.8,0.0,2.3,N,Aotizhongxin,18.0
3,16,248.0,67.0,103.0,2400.0,2.0,12.5,1006.5,-3.0,0.0,1.3,WSW,Changping,230.0
12,10,42.0,22.0,33.0,500.0,32.0,2.8,1020.0,-13.9,0.0,3.7,NE,Guanyuan,9.0
5,7,31.0,2.0,37.0,900.0,16.0,10.2,1007.0,7.3,0.0,2.4,W,Dongsi,31.0
9,4,4.0,1.0,,400.0,62.0,17.4,1005.7,15.0,0.0,1.3,WNW,Dingling,4.0
1,16,113.0,25.0,83.0,1600.0,8.0,0.05,1027.0,-7.9,0.0,1.7,NE,Wanliu,113.0
10,13,304.0,8.0,84.0,2200.0,90.0,21.5,1012.3,13.4,0.0,0.7,NW,Wanshouxigong,304.0
12,7,11.0,6.0,6.0,300.0,52.0,-0.6,1018.7,-14.9,0.0,5.1,SSW,Dingling,4.0
3,3,180.0,40.0,37.0,1600.0,48.0,11.5,998.8,10.1,1.0,0.9,WNW,Huairou,151.0
10,23,74.0,4.0,87.0,1000.0,2.0,14.9,1016.1,3.7,0.0,1.0,N,Guanyuan,29.0
2,8,316.0,102.0,119.0,5300.0,14.0,-2.0,1018.0,-6.4,0.0,0.8,ENE,Nongzhanguan,316.0
11,23,388.0,31.0,105.0,4400.0,11.0,-3.7,1024.4,-8.0,0.0,0.9,N,Shunyi,388.0
12,13,152.0,32.0,69.0,2400.0,37.0,4.0,1017.7,-8.1,0.0,1.6,ESE,Huairou,152.0
3,3,228.0,32.0,109.0,3500.0,3.0,-1.1,1013.5,-6.9,0.0,1.2,ENE,Wanshouxigong,228.0
8,12,90.0,2.0,12.0,1300.0,86.0,28.4,998.3,22.6,0.0,1.0,ESE,Guanyuan,90.0
6,6,73.0,22.0,50.0,1300.0,33.0,20.3,1005.2,15.3,0.0,1.5,NE,Nongzhanguan,105.0
4,18,284.0,12.0,44.0,1600.0,186.0,23.0,997.7,12.9,0.3,5.2,SSE,Shunyi,236.0
5,13,213.0,40.0,37.0,1100.0,248.0,29.2,1010.6,10.8,0.0,3.1,SSW,Dongsi,146.0
1,8,112.0,10.0,72.0,2400.0,2.0,-1.0,1015.0,-2.7,0.0,1.0,NNW,Changping,112.0
10,23,48.0,4.0,60.0,1300.0,2.0,10.8,1018.4,8.4,0.3,1.8,N,Guanyuan,48.0
2,19,60.0,24.0,82.0,800.0,34.0,5.0,1015.0,-13.9,0.0,2.4,SW,Wanliu,51.0
1,15,85.0,16.0,30.0,300.0,55.0,10.7,1011.1,-12.0,0.0,4.2,WNW,Shunyi,19.0
3,11,182.0,12.0,62.0,1100.0,28.0,15.3,1011.1,-11.2,0.0,1.1,SE,Gucheng,61.0
8,15,16.0,2.0,9.0,300.0,99.0,30.4,1004.3,14.5,0.0,2.7,NE,Dongsi,9.0
5,13,58.0,7.0,9.0,400.0,99.0,30.3,1001.0,0.8,0.0,2.2,NNE,Wanshouxigong,20.0
2,15,46.0,19.0,47.0,800.0,73.0,7.0,1012.0,-13.9,0.0,1.1,NW,Wanshouxigong,36.0
12,13,42.0,19.0,36.0,1300.0,33.0,8.7,1021.3,-10.3,0.0,1.5,ESE,Gucheng,41.0
9,2,94.0,1.0,62.0,800.0,1.0,18.8,1007.7,14.9,0.0,0.5,SW,Gucheng,29.0
11,15,51.0,17.0,54.0,1200.0,30.0,9.4,1014.3,-11.9,0.0,2.2,ENE,Dingling,46.0
11,7,55.0,23.0,43.0,800.0,2.0,9.5,1011.5,-6.8,0.0,1.7,N,Guanyuan,38.0
3,12,65.0,13.0,56.0,900.0,42.0,9.6,1015.1,-15.8,0.0,3.6,SW,Wanliu,38.0
5,23,76.0,2.0,84.0,400.0,2.0,12.1,1015.2,2.5,0.0,0.6,NNW,Shunyi,22.0
8,3,13.0,9.0,11.0,500.0,62.0,24.2,991.7,18.2,0.0,0.9,NNW,Dingling,9.0
12,9,187.0,20.0,91.0,4500.0,8.0,-5.4,1027.2,-11.3,0.0,1.2,E,Nongzhanguan,177.0
3,10,87.0,47.0,60.0,1899.0,21.0,8.7,1016.3,-8.8,0.0,2.5,ENE,Wanshouxigong,76.0
8,0,20.0,2.0,34.0,400.0,15.0,20.8,1003.2,18.4,0.0,0.1,NE,Tiantan,15.0
6,17,37.0,4.0,13.0,400.0,148.0,33.9,996.5,11.7,0.0,1.4,WSW,Wanshouxigong,17.0
3,21,173.0,28.0,82.0,1700.0,44.0,11.7,1020.6,-8.2,0.0,1.5,E,Changping,108.0
2,1,237.0,70.0,80.0,6100.0,11.0,0.0,1013.0,-8.0,0.0,0.5,SW,Dongsi,237.0
5,14,214.0,119.0,101.0,2200.0,103.0,22.1,1007.9,14.7,0.0,0.7,S,Aotizhongxin,161.0
9,6,10.0,2.0,34.0,200.0,15.0,12.0,1024.0,-0.3,0.0,1.9,NE,Nongzhanguan,10.0
2,19,91.0,20.0,59.0,800.0,42.0,3.9,1016.6,-13.0,0.0,0.6,WSW,Wanshouxigong,62.0
5,1,398.0,11.0,145.0,2399.0,2.0,20.2,1006.1,16.2,0.0,1.1,ENE,Tiantan,142.0
2,22,32.0,2.0,21.0,400.0,60.0,4.2,1027.9,-18.1,0.0,5.1,WNW,Guanyuan,12.0
10,16,360.0,14.0,113.0,2400.0,113.0,18.3,1002.6,12.9,0.0,0.2,SSW,Gucheng,360.0
3,6,125.0,11.0,69.0,900.0,3.0,7.9,1007.7,-4.2,0.0,1.1,NE,Tiantan,75.0
6,12,190.0,14.0,53.0,1200.0,108.0,26.6,999.9,19.2,0.0,2.1,WSW,Tiantan,105.0
1,20,189.0,14.0,122.0,3600.0,9.0,-0.8,1015.6,-9.2,0.0,0.7,NE,Changping,189.0
11,8,102.0,16.0,74.0,1600.0,2.0,-1.5,1022.0,-2.3,0.0,0.0,ENE,Aotizhongxin,52.0
10,19,27.0,2.0,20.0,300.0,49.0,14.3,1008.8,-6.6,0.0,2.1,NW,Gucheng,15.0
3,3,211.0,72.0,105.0,2899.0,22.0,1.4,1003.6,-4.3,0.0,1.0,SW,Changping,208.0
7,0,143.0,13.4232,70.4179,,34.272,24.9,999.1,21.4,0.0,0.6,NNW,Shunyi,99.0
6,7,79.0,4.0,34.0,1500.0,2.0,19.6,1000.7,19.6,0.0,1.3,WNW,Huairou,76.0
4,6,59.0,3.0,48.0,600.0,53.0,17.2,1004.7,11.7,0.0,2.0,NNE,Aotizhongxin,39.0
10,15,204.0,7.0,57.0,1600.0,111.0,21.0,1005.6,13.4,0.0,2.1,ESE,Changping,204.0
6,2,170.0,7.0,88.0,1100.0,16.0,21.8,1000.0,15.2,0.0,0.1,N,Gucheng,77.0
8,10,42.0,13.0,34.0,400.0,57.0,30.0,1005.6,6.6,0.0,1.7,N,Wanshouxigong,11.0
7,8,18.0,3.0,16.0,300.0,73.0,27.6,993.0,17.7,0.0,1.3,NE,Shunyi,16.0
3,0,41.0,2.0,7.0,100.0,70.0,0.8,1029.9,-24.6,0.0,2.6,NW,Guanyuan,9.0
9,13,22.0,5.0,31.0,500.0,17.0,17.4,1015.1,5.7,0.0,3.1,NW,Tiantan,3.0
1,2,66.0,23.0,39.0,1400.0,22.0,-9.4,1016.9,-15.7,0.0,0.8,W,Huairou,65.0
5,3,77.0,27.0,47.0,1000.0,62.0,14.3,1010.0,7.6,0.0,0.8,ENE,Aotizhongxin,40.0
9,20,40.0,2.0,17.0,500.0,74.0,21.7,1006.0,11.4,0.0,0.7,NNE,Dingling,28.0
2,23,244.0,14.0,110.0,3800.0,2.0,-1.7,1020.2,-6.8,0.0,1.3,NW,Changping,226.0
4,13,16.0,2.0,6.0,200.0,98.0,18.3,1017.8,-12.7,0.0,1.7,E,Shunyi,10.0
4,23,56.0,5.0,,600.0,12.0,7.5,1008.3,2.8,0.2,1.0,N,Wanliu,56.0
1,14,25.0,14.0,34.0,600.0,57.0,6.0,1019.8,-11.6,0.0,2.5,NE,Tiantan,23.0
3,8,204.0,25.0,48.0,1000.0,34.0,10.1,1001.0,0.4,0.0,1.0,NNW,Dingling,107.0
12,23,258.0,52.0,141.0,4300.0,11.0,-5.0,1026.0,-11.2,0.0,0.5,ESE,Tiantan,211.0
4,11,80.0,23.0,51.0,800.0,57.0,14.2,1008.8,-8.5,0.0,2.0,S,Changping,52.0
7,23,140.0,7.0,39.0,1500.0,173.0,28.3,1007.1,19.0,0.0,2.2,SSW,Wanshouxigong,83.0
12,5,14.0,5.0,43.0,600.0,27.0,-4.5,1023.8,-14.4,0.0,1.1,NE,Wanliu,14.0
5,11,22.0,10.0,75.0,500.0,65.0,33.1,995.3,7.8,0.0,2.7,WSW,Wanliu,22.0
4,1,359.0,7.0,61.0,2300.0,29.0,11.6,998.4,6.1,0.0,1.4,N,Dingling,213.0
12,14,35.0,6.0,27.0,500.0,51.0,2.9,1029.7,-16.8,0.0,2.3,WNW,Tiantan,12.0
4,8,61.0,4.0,31.0,500.0,45.0,9.0,1014.8,-1.4,0.0,1.1,ENE,Huairou,49.0
4,21,69.0,2.0,54.0,900.0,32.0,18.1,1007.9,6.9,0.0,1.7,WNW,Tiantan,56.0
4,8,206.0,11.0,79.0,700.0,12.0,14.0,1005.4,-1.2,0.0,1.5,E,Aotizhongxin,108.0
5,8,21.0,2.0,15.0,300.0,60.0,17.4,1003.3,-9.5,0.0,1.8,E,Huairou,10.0
8,20,45.0,3.0,8.0,500.0,66.0,24.2,996.8,21.3,0.0,0.6,NNE,Dingling,26.0
2,10,29.0,16.0,45.0,900.0,27.0,-2.5,1032.9,-19.0,0.0,1.8,NE,Wanshouxigong,19.0
4,15,72.0,2.0,25.0,400.0,102.0,23.3,1001.9,-10.1,0.0,3.9,SSW,Huairou,36.0
8,22,136.0,3.0,44.0,1100.0,76.0,27.5,996.7,20.8,0.0,1.1,E,Gucheng,111.0
12,16,186.0,36.0,77.0,1900.0,29.0,5.9,1020.2,-4.0,0.0,1.9,E,Dongsi,179.0
1,10,151.0,79.0,82.0,3300.0,2.0,-1.0,1026.0,-11.5,0.0,1.1,NE,Wanliu,109.0
8,10,198.0,8.0,95.0,1500.0,70.0,29.5,1002.3,21.5,0.0,0.6,NNE,Gucheng,96.0
6,7,46.0,2.0,51.0,600.0,14.0,21.6,996.4,15.9,0.0,1.0,NNW,Changping,22.0
4,11,109.0,37.0,32.0,1000.0,104.0,21.5,1007.2,0.6,0.0,3.5,E,Dongsi,45.0
2,2,9.0,4.0,9.0,100.0,68.0,-6.1,1027.1,-20.9,0.0,4.2,NNW,Dongsi,3.0
10,15,195.0,33.0,101.0,1500.0,19.0,15.9,1008.1,8.1,0.0,1.2,ESE,Tiantan,133.0
2,11,28.0,6.0,12.0,500.0,63.0,-5.0,1028.0,-28.5,0.0,2.9,ESE,Huairou,28.0
5,8,8.0,2.0,27.0,400.0,20.0,14.5,997.8,13.0,0.0,1.0,NNE,Huairou,8.0
7,14,11.0,2.0,10.0,300.0,130.0,32.1,999.4,17.6,0.0,1.1,SE,Shunyi,11.0
9,3,28.0,1.0,36.0,600.0,6.0,18.2,1013.9,15.1,0.0,0.8,NNE,Shunyi,23.0
2,12,43.0,,2.0,,2.0,2.8,1030.8,-17.4,0.0,1.7,SW,Shunyi,43.0
11,5,11.0,2.0,20.0,400.0,20.0,0.0,1009.0,-5.2,0.0,0.7,WNW,Huairou,11.0
5,3,27.0,2.0,25.0,300.0,60.0,19.9,1010.6,1.3,0.0,2.3,NNW,Guanyuan,6.0
10,8,32.0,2.0,41.0,600.0,19.0,9.0,1014.7,6.4,0.0,2.0,SW,Wanshouxigong,32.0
8,0,111.0,2.0,31.0,1300.0,52.0,26.8,998.8,24.1,0.0,0.5,E,Huairou,102.0
10,16,48.0,2.0,50.0,900.0,7.0,11.4,1017.5,8.6,0.0,0.2,,Gucheng,44.0
9,1,13.0,2.0,44.0,600.0,17.0,17.0,1012.3,7.6,0.0,3.4,NW,Wanshouxigong,13.0
1,1,194.0,45.0,87.0,4500.0,3.0,-3.35,1031.25,-11.8,0.0,1.0,NE,Dongsi,161.0
12,5,125.0,,70.0,800.0,7.0,3.6,1010.0,-17.3,0.0,3.2,NNW,Aotizhongxin,28.0
9,4,78.0,5.0,62.0,1100.0,2.0,14.9,1011.3,14.9,0.0,0.9,ENE,Aotizhongxin,78.0
7,5,76.0,3.0,57.0,700.0,6.0,24.2,1001.1,22.1,0.0,1.0,ESE,Tiantan,63.0
4,15,256.0,48.0,42.0,1200.0,212.0,25.2,1002.4,2.6,0.0,2.7,SSW,Gucheng,185.0
8,11,30.0,16.0,27.0,1200.0,125.0,31.0,998.0,24.2,0.0,1.3,W,Wanshouxigong,83.0
7,22,54.0,6.0,21.0,300.0,163.0,28.6,1002.9,13.3,0.0,1.9,ESE,Dingling,42.0
10,1,56.0,2.0,37.0,500.0,25.0,11.8,1012.5,4.5,0.0,1.2,NE,Changping,17.0
8,6,174.0,2.0,105.0,1200.0,10.0,24.2,1001.6,21.7,0.0,1.3,NE,Guanyuan,145.0
6,7,40.0,19.0,35.0,400.0,61.0,29.4,998.3,9.0,0.0,3.3,NE,Changping,12.0
4,19,144.0,19.0,30.0,600.0,108.0,12.2,1006.1,-4.5,0.0,1.7,SSE,Huairou,79.0
9,9,132.0,14.0,82.0,1400.0,10.0,25.7,1009.6,9.9,0.0,4.0,NNE,Tiantan,111.0
9,0,31.0,2.0,41.0,800.0,17.0,18.3,1015.4,17.0,0.8,1.6,ENE,Dongsi,31.0
3,22,60.0,9.0,57.0,800.0,30.0,2.2,1014.9,-3.7,0.0,2.5,SSE,Shunyi,49.0
9,1,69.0,2.0,80.0,500.0,2.0,19.4,994.6,14.4,0.0,0.0,SW,Wanliu,21.0
11,13,389.0,77.0,140.0,3800.0,5.0,6.0,1014.0,-1.6,0.0,1.7,E,Dongsi,255.0
1,2,203.0,60.0,70.0,3700.0,42.0,-1.975,1019.0,-4.5,0.0,3.3,NE,Aotizhongxin,203.0
11,12,112.0,2.0,43.0,1400.0,2.0,4.2,1022.7,3.3,0.2,1.4,ESE,Shunyi,112.0
7,13,46.0,17.9928,31.6162,,163.0062,30.7,1000.2,18.1,0.0,1.7,S,Dongsi,87.0
4,7,16.0,4.0,47.0,600.0,51.0,10.1,1004.4,0.9,0.0,1.1,E,Gucheng,16.0
12,16,277.0,22.0,139.0,3100.0,4.0,7.1,1019.6,-3.5,0.0,2.7,SW,Wanshouxigong,241.0
10,1,18.0,10.0,46.0,800.0,8.0,7.4,1018.1,5.7,0.0,1.3,NE,Nongzhanguan,56.0
4,13,174.0,11.0,50.0,600.0,74.0,22.8,998.4,-2.1,0.0,2.4,SSE,Changping,58.0
4,21,81.0,4.0,20.0,500.0,95.0,19.4,994.0,0.4,0.0,1.7,ENE,Dingling,39.0
11,7,87.0,5.0,59.0,2900.0,2.0,-0.8,1019.0,-0.8,0.0,0.0,N,Wanliu,75.0
6,6,192.0,23.0,87.0,1600.0,9.0,25.7,1002.4,16.8,0.0,2.1,N,Tiantan,114.0
3,19,7.0,2.0,22.0,300.0,69.0,8.5,1020.8,-20.4,0.0,2.5,NNW,Nongzhanguan,7.0
4,2,21.0,2.0,2.0,900.0,76.0,7.4,1009.0,-12.4,0.0,2.2,WNW,Huairou,3.0
11,14,6.0,2.0,9.0,200.0,57.0,12.5,1024.0,-7.6,0.0,3.9,NW,Wanliu,6.0
1,11,25.0,9.0,20.0,600.0,65.0,-8.8,1024.1,-27.8,0.0,4.4,NW,Tiantan,10.0
7,3,45.0,6.0,21.0,700.0,71.0,22.3,1000.8,10.1,0.0,2.2,E,Dingling,22.0
8,21,108.0,9.0,29.0,1000.0,133.0,30.1,1000.2,25.6,0.0,2.0,SSE,Dongsi,89.0
9,6,72.0,2.0,65.0,800.0,2.0,16.4,1009.4,13.3,0.0,0.9,ENE,Wanliu,35.0
7,23,84.0,5.0,34.0,600.0,78.0,32.1,997.2,23.4,0.0,2.3,SSW,Shunyi,55.0
4,15,131.0,15.0,14.0,600.0,190.0,26.8,1003.4,9.2,0.0,4.9,SSW,Gucheng,71.0
12,15,29.0,8.0,10.0,400.0,60.0,2.1,1032.0,-23.5,0.0,5.6,NNW,Aotizhongxin,6.0
7,7,52.0,2.0,6.0,400.0,29.0,21.5,996.7,19.6,0.0,1.2,NNW,Dingling,7.0
1,20,66.0,22.0,32.0,700.0,94.0,0.0,1029.3,-28.1,0.0,2.8,SSW,Aotizhongxin,64.0
10,17,88.0,2.0,15.0,900.0,3.0,11.2,1013.3,8.9,0.9,2.5,W,Dingling,41.0
8,10,89.0,5.0,33.0,,98.7462,30.7,995.3,21.8,0.0,0.2,SE,Aotizhongxin,107.0
8,6,27.0,2.0,33.0,500.0,12.0,20.8,1005.5,17.8,0.0,0.7,ENE,Wanliu,15.0
2,17,97.0,2.0,17.0,400.0,81.0,1.7,1025.6,-25.7,0.0,4.8,NNW,Tiantan,15.0
9,2,241.0,5.0,47.0,1600.0,35.0,13.9,1006.6,12.9,0.0,0.2,N,Gucheng,299.0
4,4,108.0,11.0,46.0,800.0,46.0,16.4,1006.7,10.5,0.0,1.5,S,Tiantan,97.0
1,10,74.0,52.0,51.0,800.0,20.0,0.2,1025.3,-8.3,0.0,3.7,S,Wanshouxigong,27.0
6,16,100.0,2.0,33.0,900.0,312.0,33.1,990.9,21.3,0.0,2.6,SSE,Dingling,86.0
11,14,300.0,23.0,88.0,3000.0,2.0,7.3,1003.5,2.8,0.0,1.5,ESE,Dingling,183.0
9,3,28.0,2.0,31.0,500.0,46.0,17.6,1013.1,16.6,0.0,0.3,SSE,Aotizhongxin,17.0
11,20,398.0,26.0,164.0,6600.0,6.0,-2.2,1021.3,-3.8,0.0,0.9,W,Wanliu,384.0
6,6,99.0,2.0,84.0,1000.0,14.0,21.2,1002.6,13.6,0.0,0.4,E,Shunyi,81.0
10,2,23.0,2.0,42.0,900.0,2.0,7.3,1023.4,6.2,0.0,1.2,NE,Shunyi,23.0
9,23,104.0,4.0,32.0,1000.0,115.0,19.4,1008.9,14.2,0.0,1.1,WNW,Changping,104.0
12,2,232.0,15.0,105.0,6600.0,4.0,-1.5,1024.9,-3.2,0.0,0.1,SE,Wanliu,231.0
8,22,114.0,13.0,32.0,2000.0,102.0,24.5,1003.2,18.9,0.0,1.7,SE,Aotizhongxin,59.0
6,19,32.0,2.0,27.0,200.0,77.0,27.4,996.7,12.6,0.0,1.1,NNW,Shunyi,18.0
11,12,28.0,11.0,28.0,500.0,51.0,10.0,1025.0,-12.0,0.0,2.7,ENE,Nongzhanguan,23.0
9,21,112.0,9.0,78.0,1800.0,31.0,20.5,1007.6,17.9,0.0,1.0,E,Dongsi,64.0
3,5,41.0,7.0,14.0,600.0,55.0,7.5,1008.4,-8.6,0.0,1.7,E,Dingling,29.0
12,14,8.0,2.0,13.0,300.0,74.0,6.2,1017.0,-14.6,0.0,2.2,ENE,Shunyi,8.0
4,7,207.0,8.0,91.0,1600.0,4.0,7.1,1017.2,5.6,0.0,0.9,ESE,Nongzhanguan,207.0
12,1,47.0,21.0,69.0,1100.0,,-3.9,1028.1,-18.2,0.0,1.7,N,Wanliu,37.0
3,20,38.0,2.0,9.0,200.0,71.0,8.6,1003.5,-14.4,0.0,3.6,N,Huairou,3.0
11,14,145.0,41.0,86.0,1300.0,18.0,13.7,1025.0,-8.3,0.0,1.6,SW,Wanshouxigong,38.0
2,10,91.0,,57.0,1800.0,13.0,-4.0,1029.0,-18.7,0.0,1.5,ENE,Dongsi,91.0
7,18,122.0,7.0,16.0,900.0,249.0,32.7,1004.3,18.9,0.0,2.1,S,Tiantan,121.0
4,19,152.0,13.0,27.0,900.0,220.0,24.6,1005.6,13.8,0.0,2.2,SSW,Tiantan,114.0
12,14,41.0,15.0,22.0,300.0,78.0,4.0,1030.0,-15.3,0.0,3.3,NNW,Nongzhanguan,17.0
12,13,36.0,14.0,21.0,600.0,44.0,14.9,1014.4,-10.0,0.0,2.0,NE,Wanshouxigong,25.0
7,10,39.0,2.0,44.0,900.0,35.0,21.3,1004.6,19.2,0.0,1.5,NNW,Wanshouxigong,39.0
4,23,250.0,21.0,142.0,2500.0,2.0,13.0,1002.0,8.9,0.0,0.6,WNW,Wanliu,214.0
6,19,109.0,7.0,76.0,1000.0,66.0,25.2,999.8,17.9,0.0,2.2,E,Nongzhanguan,70.0
11,1,131.0,3.0,57.0,1800.0,2.0,4.4,1013.7,1.2,0.0,0.2,NW,Gucheng,84.0
9,8,58.0,2.0,23.0,600.0,32.0,17.8,1006.0,13.1,0.0,1.0,NNW,Dingling,41.0
12,18,11.0,4.0,29.0,,29.0,-3.7,1020.9,-25.3,0.0,1.1,E,Dongsi,8.0
10,9,42.0,2.0,33.0,500.0,22.0,9.2,1014.6,6.6,0.0,1.8,WSW,Dongsi,42.0
11,9,37.0,36.0,67.0,1400.0,2.0,5.2,1029.0,-8.3,0.0,1.0,E,Wanliu,19.0
9,3,69.0,2.0,22.0,1000.0,52.0,21.4,1009.8,19.3,0.0,1.3,ENE,Dongsi,69.0
10,20,123.0,2.0,88.0,1000.0,3.0,6.7,1024.5,-1.0,0.0,0.2,SW,Wanshouxigong,61.0
12,12,173.0,87.0,90.0,,4.9266,9.1,1013.1,-3.5,0.0,2.1,NE,Guanyuan,216.0
4,7,73.0,2.0,26.0,300.0,59.0,14.4,1012.0,-1.3,0.0,1.4,ENE,Wanshouxigong,22.0
9,0,144.0,3.0,126.0,2100.0,4.0,18.1,1005.8,16.6,0.0,0.2,ENE,Dongsi,136.0
1,14,27.0,30.0,28.0,400.0,45.0,7.4,1016.9,-20.2,0.0,2.4,NW,Changping,26.0
8,4,63.0,3.0,90.0,300.0,2.0,21.4,1004.9,17.8,0.0,0.9,NE,Guanyuan,23.0
6,16,186.0,13.0,79.0,2399.0,13.0,21.7,996.7,20.0,0.0,1.4,N,Guanyuan,196.0
9,1,20.0,4.0,88.0,500.0,6.0,15.9,1003.8,11.9,0.0,0.7,NE,Wanliu,20.0
4,12,70.0,3.0,21.0,400.0,83.0,21.3,1010.5,-11.6,0.0,4.3,SW,Guanyuan,23.0
1,14,76.0,26.0,58.0,1200.0,53.0,5.5,1020.2,-22.7,0.0,1.3,W,Wanliu,74.0
3,2,34.0,12.0,54.0,800.0,25.0,1.5,1023.3,-21.0,0.0,4.3,N,Wanliu,16.0
1,8,102.0,26.0,74.0,3400.0,4.0,-13.9,1022.1,-21.9,0.0,1.3,NNW,Changping,74.0
2,9,9.0,2.0,29.0,600.0,18.0,-4.3,1017.8,-17.8,0.0,1.3,S,Huairou,9.0
10,17,42.0,2.0,53.0,1400.0,3.0,14.7,1009.5,13.7,1.6,1.6,ENE,Tiantan,42.0
12,19,105.0,2.0,13.0,300.0,55.0,-1.0,1022.0,-23.7,0.0,4.6,WNW,Dongsi,8.0
9,5,60.0,7.0,53.0,1100.0,2.0,14.9,1011.9,14.9,0.0,0.0,ENE,Wanliu,60.0
11,20,298.0,16.0,73.0,3700.0,4.0,8.4,1011.0,5.3,0.0,0.6,NE,Nongzhanguan,172.0
1,3,144.0,62.0,77.0,4800.0,9.0,-7.8,1023.7,-17.2,0.0,0.6,NNE,Changping,108.0
2,7,15.0,65.0,29.0,800.0,40.0,-9.1,1028.6,-21.5,0.0,1.9,N,Changping,16.0
5,23,60.0,14.0,55.0,700.0,89.0,23.7,996.1,13.3,0.0,1.6,NE,Wanliu,57.0
11,7,35.0,2.0,53.0,800.0,2.0,3.8,1017.9,0.5,0.0,0.6,NE,Gucheng,35.0
2,9,28.0,9.0,33.0,700.0,41.0,1.2,1023.5,-17.2,0.0,1.4,E,Gucheng,8.0
6,20,175.0,33.4152,98.3387,1700.0,144.0,23.7,1002.2,19.0,0.0,0.7,SSW,Wanliu,122.0
12,14,20.0,5.0,18.0,300.0,51.0,9.7,1023.4,-12.2,0.0,3.8,NW,Changping,12.0
5,16,42.0,3.0,48.0,3400.0,37.0,8.8,1009.7,8.0,3.5,2.0,ENE,Nongzhanguan,42.0
10,6,99.0,2.0,39.0,1200.0,1.0,12.8,1008.9,11.9,0.0,1.0,ESE,Tiantan,83.0
8,15,48.0,2.0,9.0,800.0,150.0,26.7,1002.7,17.2,0.0,2.4,E,Dingling,42.0
1,7,18.0,3.0,28.0,500.0,39.0,-6.7,1027.9,-23.5,0.0,1.0,ESE,Guanyuan,7.0
1,7,476.0,112.0,62.0,2700.0,10.0,-2.8,1018.0,-11.1,0.0,1.8,NE,Nongzhanguan,403.0
7,17,117.0,10.0,20.0,1000.0,251.0,32.6,1004.2,18.0,0.0,2.6,SSW,Nongzhanguan,113.0
11,23,122.0,12.0,82.0,1000.0,2.0,0.7,1026.5,-3.8,0.0,0.7,SW,Guanyuan,76.0
1,1,11.0,4.0,6.0,300.0,66.0,-4.0,1028.0,-23.7,0.0,1.7,NNW,Dingling,8.0
2,18,97.0,11.0,76.0,100.0,69.0,13.1,1008.6,-8.8,0.0,3.0,WSW,Huairou,59.0
1,5,32.0,17.0,33.0,700.0,30.0,-4.475,1030.5,-14.6,0.0,1.6,NE,Tiantan,32.0
6,15,94.0,3.0,3.0,400.0,33.0,22.0,993.4,20.5,4.7,1.5,W,Huairou,20.0
5,9,224.0,20.0,110.0,1400.0,54.0,25.4,1003.1,14.5,0.0,1.2,N,Wanshouxigong,116.0
10,17,326.0,34.0,146.0,2900.0,144.0,19.8,1012.2,13.3,0.0,0.7,NE,Aotizhongxin,326.0
7,14,187.0,5.0,27.0,1200.0,175.0,29.6,993.2,21.5,0.0,0.8,SSW,Wanshouxigong,187.0
11,15,71.0,7.0,50.0,600.0,37.0,7.2,1021.9,-11.1,0.0,1.8,SW,Huairou,38.0
5,16,251.0,52.0,48.0,,207.774,27.0,994.1,14.7,0.0,1.3,NE,Guanyuan,109.0
6,7,108.0,19.0,41.0,900.0,64.0,23.4,1002.2,13.0,0.0,1.0,W,Dongsi,87.0
11,1,205.0,7.0,122.0,2100.0,2.0,2.6,1014.0,2.0,0.0,0.1,E,Aotizhongxin,183.0
6,17,30.0,2.0,32.0,400.0,59.0,32.7,999.2,6.8,0.0,1.2,NNW,Guanyuan,25.0
3,3,104.0,14.0,61.0,,,3.9,1013.2,0.4,0.0,3.1,ESE,Dingling,118.0
6,12,205.0,16.0,46.0,2300.0,125.0,25.8,1000.6,18.0,0.0,3.3,ESE,Dongsi,205.0
11,6,14.0,6.0,16.0,200.0,36.0,7.9,1025.0,-9.5,0.0,1.7,N,Wanliu,7.0
3,20,220.0,31.0,126.0,1700.0,8.0,6.1,1005.4,-1.6,0.0,2.4,N,Dongsi,208.0
3,18,194.0,14.0,55.0,1000.0,94.0,17.2,1005.9,7.5,0.0,1.2,S,Gucheng,73.0
10,11,380.0,56.0,109.0,2700.0,33.0,21.2,1013.7,13.4,0.0,2.6,ENE,Wanshouxigong,323.0
11,11,20.0,4.0,29.0,500.0,25.0,7.9,1023.7,-4.2,0.0,2.5,NE,Dongsi,20.0
8,8,106.0,2.0,49.0,1100.0,38.0,28.5,1003.8,24.3,0.0,1.1,SSW,Wanshouxigong,106.0
11,14,73.0,8.0,51.0,1100.0,14.0,3.8,1022.1,-0.2,0.0,2.0,SW,Aotizhongxin,69.0
4,1,20.0,4.0,25.0,400.0,71.5428,5.3,1018.2,-10.9,0.0,2.6,NW,Dongsi,14.0
10,10,58.0,8.0,54.0,1000.0,10.0,11.8,1020.6,-0.7,0.0,1.7,ENE,Changping,40.0
7,23,158.0,2.0,48.0,900.0,48.0,27.7,995.7,23.5,0.0,2.0,N,Gucheng,40.0
6,18,88.0,7.0,19.0,1100.0,213.0,24.3,1004.3,12.6,0.0,5.2,WNW,Shunyi,74.0
2,16,44.0,3.0,17.0,300.0,52.0,4.9,1018.1,-22.2,0.0,5.3,WNW,Changping,6.0
3,8,21.0,20.0,61.0,3000.0,33.0,2.8,1024.6,-22.1,0.0,1.8,E,Gucheng,11.0
3,21,65.0,2.0,22.0,300.0,56.0,5.1,1014.5,-14.4,0.0,1.6,NNW,Dingling,26.0
1,8,101.0,62.0,77.0,1900.0,1.0,-3.8,1019.6,-15.2,0.0,1.2,NE,Aotizhongxin,74.0
11,0,159.0,15.0,67.0,2700.0,4.0,6.0,1011.9,-0.3,0.0,1.9,N,Gucheng,117.0
7,6,186.0,4.0,31.0,1400.0,55.0,24.1,1002.8,22.4,0.0,0.5,ENE,Guanyuan,186.0
5,13,82.0,12.0,57.0,1000.0,21.0,20.2,1001.3,16.2,0.0,1.3,WNW,Wanliu,81.0
4,7,242.0,19.0,109.0,1500.0,3.0,14.4,1009.1,7.0,0.0,2.1,NNE,Dongsi,122.0
10,14,19.0,4.0,10.0,200.0,58.0,5.8,1031.7,-18.9,0.0,3.8,NW,Nongzhanguan,6.0
3,9,11.0,13.0,24.0,400.0,57.0,5.4,1018.5,-17.8,0.0,3.1,WNW,Wanshouxigong,11.0
6,11,83.0,2.0,43.0,1100.0,122.0,29.0,998.6,19.6,0.0,1.2,E,Wanshouxigong,63.0
3,3,237.0,27.0,112.0,2100.0,3.0,0.6,1008.5,-5.0,0.0,0.0,N,Gucheng,128.0
12,7,50.0,11.0,47.0,1000.0,3.0,-4.0,1031.0,-13.2,0.0,1.0,NNE,Dingling,50.0
2,15,200.0,57.0,113.0,2800.0,19.0,5.1,1024.9,-4.5,0.0,1.1,N,Wanliu,200.0
5,5,101.0,7.0,59.0,600.0,14.0,12.3,1001.9,5.0,0.0,1.3,NNE,Shunyi,68.0
8,9,92.0,2.0,35.0,900.0,91.0,29.9,1003.6,23.8,0.0,2.4,SSW,Aotizhongxin,92.0
2,3,44.0,25.0,78.0,1400.0,2.0,1.0,1024.0,-11.8,0.0,1.3,ENE,Aotizhongxin,42.0
6,21,65.0,2.0,81.0,500.0,46.0,23.8,1003.0,15.0,0.0,0.2,N,Shunyi,27.0
4,3,15.0,2.0,5.0,200.0,103.0,6.0,1020.7,-3.4,0.0,3.9,NNE,Huairou,12.0
4,14,123.0,16.0,33.0,600.0,102.0,16.4,1004.0,-3.7,0.0,3.7,WSW,Nongzhanguan,53.0
7,3,5.0,3.0,9.0,,,23.3,991.3,19.7,0.0,2.0,NNE,Dingling,17.0
7,21,164.0,2.0,23.0,1000.0,82.0,23.9,998.7,21.4,0.0,1.7,SSE,Tiantan,118.0
11,23,402.0,29.0,126.0,6000.0,4.0,-2.7,1023.3,-3.0,0.0,0.7,WSW,Dongsi,402.0
10,14,27.0,4.0,30.0,500.0,70.0,26.5,1014.6,0.2,0.0,1.7,WNW,Guanyuan,21.0
7,19,67.0,3.0,28.0,700.0,78.0,22.0,1000.1,14.9,0.0,2.2,E,Huairou,44.0
11,9,139.0,3.0,73.0,2600.0,4.0,3.6,1024.3,2.0,0.0,1.5,ENE,Aotizhongxin,139.0
4,3,45.0,12.0,24.0,800.0,68.0,8.4,1005.7,1.1,0.0,1.3,SSW,Wanshouxigong,72.0
2,15,12.0,2.0,7.0,300.0,88.0,6.2,1024.6,-23.3,0.0,2.7,WSW,Nongzhanguan,12.0
12,6,152.0,21.0,93.0,4500.0,4.0,-5.2,1018.6,-6.7,0.0,0.1,NE,Wanliu,145.0
2,18,5.0,11.0,19.0,400.0,71.0,4.3,1021.8,-12.6,0.0,1.3,NE,Aotizhongxin,17.0
11,22,353.0,55.0,124.8224,,1.2852,2.3,1014.3,-0.6,0.0,0.7,ESE,Wanliu,344.0
11,18,177.0,2.0,18.0,300.0,36.0,1.5,1019.0,-23.2,0.0,2.4,NNW,Wanliu,18.0
5,7,93.0,5.0,65.0,500.0,19.0,16.1,990.8,8.1,0.0,0.9,E,Aotizhongxin,29.0
10,22,172.0,14.0,154.0,1500.0,6.0,13.2,1014.5,8.1,0.0,0.9,ESE,Dongsi,105.0
4,16,111.0,2.0,15.0,300.0,116.0,22.8,1009.4,-5.2,0.0,3.1,SSW,Guanyuan,53.0
9,6,43.0,5.0,60.0,800.0,2.0,17.4,1012.4,17.4,0.0,0.9,NE,Wanliu,43.0
5,5,93.0,45.0,,2300.0,53.0,23.1,1001.7,12.7,0.0,0.5,NW,Dongsi,93.0
1,16,51.0,9.0,8.0,500.0,87.0,6.7,1016.1,-22.9,0.0,4.2,WNW,Dingling,30.0
2,11,15.0,5.0,6.0,300.0,77.0,-0.3,1036.1,-20.6,0.0,4.4,NW,Aotizhongxin,9.0
9,10,78.0,6.0,70.0,500.0,,29.8,999.8,16.6,0.0,1.2,SSW,Aotizhongxin,42.0
6,14,116.0,12.0,38.0,900.0,184.0,28.9,997.7,15.8,0.0,3.1,S,Wanshouxigong,86.0
8,6,20.0,2.0,30.0,400.0,29.0,21.9,1006.2,16.6,0.0,1.2,NNE,Dongsi,11.0
12,7,107.0,12.0,62.0,2300.0,5.0,-3.1,1023.2,-7.8,0.0,0.8,NNW,Gucheng,61.0
11,13,18.0,5.0,9.0,500.0,64.0,6.2,1016.9,-21.2,0.0,2.7,W,Gucheng,7.0
4,16,113.0,17.0,84.0,700.0,104.0,20.0,1012.5,2.8,0.0,4.7,SE,Shunyi,72.0
6,15,13.0,2.0,19.0,300.0,109.0,35.3,986.9,11.0,0.0,2.7,NW,Changping,13.0
11,17,151.0,22.0,96.0,1600.0,2.0,1.1,1016.2,-11.7,0.0,1.1,NE,Huairou,95.0
7,12,118.0,3.0,30.0,600.0,74.0,29.7,992.1,25.5,0.0,0.8,WSW,Huairou,46.0
8,22,77.0,6.0,62.0,700.0,129.0,29.0,1001.0,14.8,0.0,2.1,WSW,Aotizhongxin,23.0
3,0,73.0,59.0,60.0,900.0,24.0,3.5,1019.5,-7.6,0.0,2.4,E,Nongzhanguan,55.0
4,5,55.0,2.0,52.0,500.0,23.0,5.8,1008.2,2.4,0.0,1.1,NNE,Shunyi,55.0
1,13,62.0,5.0,13.0,700.0,54.0,-13.6,1034.4,-33.5,0.0,3.8,NW,Changping,10.0
2,2,139.0,31.0,86.0,3000.0,12.0,-1.5,1024.6,-4.3,0.0,2.7,ESE,Nongzhanguan,98.0
6,13,38.0,4.0,18.0,400.0,128.0,24.5,1005.5,13.7,0.0,1.4,ESE,Aotizhongxin,22.0
5,1,275.0,41.0,165.0,1700.0,3.0,16.0,999.4,11.8,0.0,1.2,NNE,Guanyuan,128.0
5,2,105.0,2.0,15.0,300.0,81.0,18.4,998.0,2.2,0.0,1.6,NE,Wanliu,35.0
11,14,58.0,16.0,28.0,400.0,59.3334,14.0,1012.0,-6.3,0.0,2.3,SW,Wanshouxigong,36.0
5,18,44.0,10.0,18.0,700.0,213.0,27.9,1013.4,0.6,0.0,3.4,ESE,Aotizhongxin,38.0
4,7,49.0,3.0,42.0,700.0,45.0,9.2,1003.1,1.8,0.0,1.7,ESE,Changping,38.0
1,5,178.0,84.0,,4700.0,,-5.9,1023.7,-16.8,0.0,1.3,NE,Aotizhongxin,175.0
7,8,106.0,8.0,83.0,,25.4898,32.3,990.1,19.2,0.0,3.2,NNE,Wanshouxigong,29.0
8,9,24.0,2.0,41.0,900.0,45.0,21.3,1009.1,19.0,0.0,1.2,NE,Wanshouxigong,4.0
2,22,31.0,9.0,27.0,500.0,62.0,6.4,1015.1,-11.8,0.0,1.6,NNW,Nongzhanguan,31.0
6,7,181.0,14.0,62.0,2000.0,2.0,22.2,1000.1,18.4,0.0,0.6,NNW,Wanliu,218.0
1,17,63.0,6.0,6.0,300.0,49.0,-1.1,1026.3,-22.5,0.0,1.7,WSW,Wanshouxigong,17.0
4,2,25.0,2.0,27.0,300.0,63.0,10.9,1006.5,-1.5,0.0,1.8,N,Wanliu,20.0
3,14,204.0,55.0,73.0,3000.0,18.0,14.4,1002.4,5.7,0.0,1.4,E,Changping,254.0
12,7,38.0,5.0,41.0,1200.0,15.0,-4.0,1020.9,-6.1,0.0,1.3,NW,Huairou,38.0
10,3,101.0,6.0,92.0,1000.0,2.0,10.1,1012.3,8.9,0.0,0.6,NNE,Aotizhongxin,87.0
3,10,213.0,40.0,144.0,1600.0,4.0,14.3,1024.8,0.2,0.0,1.2,ENE,Wanliu,141.0
8,23,75.0,5.0,20.0,1100.0,124.0,28.1,997.3,22.8,0.0,1.9,SW,Wanshouxigong,75.0
3,20,108.0,17.0,59.0,800.0,49.0,6.1,1019.7,-17.9,0.0,5.1,WSW,Guanyuan,63.0
11,23,44.0,3.0,74.0,1200.0,6.0,-4.0,1032.7,-5.0,0.2,0.8,ESE,Aotizhongxin,44.0
9,0,91.0,3.0,78.0,600.0,,16.4,1015.8,12.6,0.0,1.2,NE,Shunyi,47.0
10,3,48.0,2.0,24.0,800.0,32.0,10.0,1016.0,9.2,0.3,1.6,NE,Wanshouxigong,48.0
7,20,55.0,2.0,45.0,900.0,130.0,27.5,1003.0,21.3,0.0,1.9,W,Guanyuan,44.0
6,3,129.0,10.0,52.0,1800.0,51.0,21.0,1003.3,16.6,0.0,1.4,ENE,Nongzhanguan,129.0
12,3,216.0,59.0,132.0,5700.0,17.0,-1.6,1022.7,-4.8,0.0,1.0,NE,Nongzhanguan,195.0
11,20,216.0,33.0,116.0,3400.0,1.0,5.6,1015.2,-3.8,0.0,0.6,WSW,Tiantan,233.0
9,22,100.0,4.0,57.0,1000.0,73.0,18.8,1010.9,12.5,0.0,0.7,NNE,Changping,81.0
9,12,46.0,14.0,45.0,1400.0,71.0,24.2,1012.0,16.2,0.0,0.9,SSE,Dongsi,67.0
1,14,82.0,37.0,85.0,1500.0,25.0,1.6,1022.3,-19.0,0.0,1.7,SE,Tiantan,70.0
1,13,166.0,95.0,111.0,2500.0,13.0,4.0,1014.0,-13.4,0.0,0.1,NNW,Guanyuan,166.0
3,13,221.0,77.0,97.0,2300.0,34.0,7.2,1013.9,-10.1,0.0,1.8,SW,Nongzhanguan,220.0
2,19,169.0,14.0,45.0,1900.0,12.0,2.0,1012.0,1.0,0.0,0.4,,Gucheng,169.0
5,8,211.0,15.0,27.0,700.0,46.0,21.1,1010.3,9.7,0.0,0.8,ESE,Dingling,48.0
5,22,140.0,5.0,67.0,1300.0,34.0,18.5,999.6,17.2,0.0,0.5,SSE,Guanyuan,102.0
3,9,25.0,5.0,58.0,600.0,29.0,15.9,1017.0,-11.6,0.0,2.1,N,Tiantan,11.0
7,4,104.0,3.0,15.0,1200.0,34.0,25.5,997.7,22.8,0.0,1.3,E,Dingling,145.0
8,19,90.0,2.0,33.0,1400.0,190.0,30.6,1002.7,23.8,0.0,1.5,SSW,Wanliu,90.0
1,13,43.0,48.0,24.0,500.0,68.0,2.4,1023.1,-9.5,0.0,1.4,S,Tiantan,32.0
1,7,45.0,12.0,68.0,700.0,8.0,-5.3,1028.0,-24.8,0.0,1.8,NNW,Tiantan,13.0
4,6,115.0,14.0,41.0,900.0,28.0,10.1,1002.1,6.4,0.0,1.1,SE,Changping,151.0
7,14,69.0,2.0,11.0,500.0,193.0,35.0,1003.6,22.7,0.0,2.9,S,Shunyi,69.0
8,9,27.0,2.0,45.0,500.0,50.0,26.5,1002.7,19.6,0.0,1.4,ENE,Tiantan,25.0
5,15,46.0,4.0,10.0,300.0,109.0,21.6,1001.9,-9.1,0.0,3.5,S,Huairou,18.0
1,2,9.0,2.0,2.0,200.0,76.0,-6.72,1029.0,-25.6,0.0,0.6,NE,Huairou,3.0
8,7,83.0,2.0,79.0,1200.0,2.0,24.9,1003.2,22.8,0.0,1.5,E,Wanshouxigong,48.0
10,1,336.0,7.0,150.0,2900.0,2.0,13.4,1015.2,12.6,0.0,1.1,NE,Dongsi,312.0
6,6,127.0,3.0,67.0,2399.0,2.0,21.8,990.5,20.4,0.0,0.9,ENE,Gucheng,161.0
4,15,166.0,35.0,46.0,1200.0,109.0,23.0,1001.9,13.2,0.0,4.1,SW,Wanliu,179.0
12,9,129.0,12.0,70.0,3200.0,3.0,-7.4,1022.0,-14.7,0.0,1.7,NNW,Changping,101.0
8,0,134.0,8.0,44.0,1400.0,84.0,27.2,995.5,24.7,0.3,2.9,SSW,Nongzhanguan,209.0
5,0,56.0,2.0,28.0,500.0,60.0,21.5,998.0,-2.4,0.0,2.5,E,Dingling,56.0
3,21,254.0,56.0,109.0,2000.0,17.0,6.7,1011.9,-2.7,0.0,0.7,SE,Dongsi,217.0
1,2,30.0,15.0,53.0,700.0,38.0,-3.74,1019.6,-22.1,0.0,1.6,SE,Gucheng,11.0
10,23,344.0,8.0,96.0,3000.0,36.0,17.2,1011.9,14.3,0.0,1.2,ESE,Changping,344.0
5,4,134.0,16.0,44.0,800.0,107.0,20.1,1009.3,11.0,0.0,0.9,SSW,Guanyuan,98.0
6,18,144.0,4.0,55.0,1800.0,197.0,27.2,997.2,23.4,0.3,2.1,S,Shunyi,190.0
8,9,49.0,9.0,76.0,700.0,16.0,28.6,994.5,9.3,0.0,2.2,N,Tiantan,27.0
1,13,6.0,15.0,63.0,400.0,54.0,9.6,1011.3,-18.5,0.0,0.9,E,Wanliu,10.0
2,14,121.0,37.0,79.0,1200.0,53.0,5.5,1017.2,-17.7,0.0,1.3,ESE,Guanyuan,121.0
4,16,316.0,37.0,79.0,2200.0,279.0,24.9,1004.0,11.5,0.0,1.5,S,Dingling,346.0
9,4,84.0,3.0,109.0,1100.0,2.0,20.5,1012.8,15.5,0.0,1.2,ENE,Nongzhanguan,64.0
8,19,77.0,7.0,33.0,900.0,227.0,32.6,1003.9,21.5,0.0,1.5,E,Guanyuan,54.0
7,9,245.0,24.0,54.0,1800.0,67.0,27.2,1001.7,22.8,0.0,1.6,E,Dongsi,245.0
7,21,109.0,5.0,27.0,1200.0,124.0,28.6,998.4,22.6,0.0,0.6,ESE,Changping,97.0
10,3,5.0,3.9984,25.6625,,36.414,7.5,1017.6,0.9,0.0,0.5,NE,Dingling,3.0
3,6,24.0,6.0,30.0,400.0,42.0,2.1,1018.0,-16.4,0.0,1.1,ENE,Wanshouxigong,7.0
3,3,150.0,93.0,114.0,2600.0,107.0,6.6,1010.7,0.7,0.0,0.4,NNW,Nongzhanguan,208.0
3,16,34.0,2.0,11.0,200.0,122.0,21.9,1010.7,-13.9,0.0,2.9,WSW,Dongsi,12.0
7,23,106.0,2.0,14.0,600.0,160.0,28.2,1003.7,24.8,0.2,1.2,W,Tiantan,60.0
1,1,171.0,40.0,101.0,3200.0,3.0,-4.6,1025.0,-11.9,0.0,1.7,NW,Gucheng,168.0
2,3,27.0,7.0,18.0,500.0,76.0,-1.9,1031.6,-23.1,0.0,1.8,NE,Tiantan,12.0
5,3,50.0,14.0,35.0,1400.0,38.0,13.3,1013.0,5.4,0.0,2.0,SSE,Nongzhanguan,50.0
12,20,22.0,22.0,72.0,1000.0,21.0,2.6,1029.1,-10.3,0.0,1.6,NNW,Aotizhongxin,22.0
8,16,61.0,3.0,15.0,500.0,249.0,33.9,995.1,12.8,0.0,3.4,SSE,Dingling,30.0
3,23,29.0,30.0,62.0,600.0,22.0,-0.2,1030.5,-17.4,0.0,1.4,ENE,Wanliu,15.0
8,7,36.0,6.0,29.0,800.0,94.0,24.9,1006.0,16.6,0.0,1.0,N,Dongsi,36.0
3,21,68.0,27.0,91.0,1000.0,9.0,3.6,1022.7,-16.7,0.0,2.6,SW,Wanliu,38.0
5,23,67.0,11.0,59.0,,36.6282,20.1,1008.3,2.9,0.0,0.8,E,Tiantan,34.0
12,9,183.0,29.0,57.0,3500.0,2.0,3.7,1017.1,-9.3,0.0,1.1,NE,Tiantan,164.0
4,3,166.0,12.0,39.0,500.0,31.0,14.0,1004.6,-5.2,0.0,3.5,WSW,Dongsi,45.0
6,9,100.0,55.0,13.0,1399.0,111.0,24.0,1000.5,15.2,0.0,1.2,SSE,Changping,13.0
10,1,64.0,4.0,29.0,900.0,37.0,10.8,1015.8,9.2,0.0,1.0,N,Nongzhanguan,64.0
11,23,55.0,17.0,60.0,700.0,,7.4,1022.7,-13.6,0.0,0.7,NW,Wanshouxigong,33.0
5,9,210.0,25.0,100.0,1000.0,22.0,21.8,1003.4,14.2,0.0,0.7,SSW,Wanliu,139.0
6,14,51.0,5.0,16.0,500.0,217.0,33.0,985.7,13.1,0.0,2.3,SSE,Dingling,26.0
9,11,38.0,2.0,29.0,400.0,63.0,26.7,999.8,14.5,0.0,1.3,SSW,Gucheng,22.0
12,19,119.0,11.0,89.0,2900.0,5.0,-1.5,1028.2,-4.7,0.0,1.3,E,Aotizhongxin,119.0
5,7,116.0,2.0,89.0,900.0,4.0,18.4,1005.3,9.2,0.0,1.2,NNE,Tiantan,45.0
4,11,17.0,4.0,5.0,300.0,84.0,14.2,1002.3,-3.6,0.0,2.6,S,Dingling,10.0
7,16,169.0,17.0,22.0,1000.0,271.0,34.2,997.2,20.2,0.0,2.1,SSW,Gucheng,104.0
10,22,172.0,3.0,46.0,2000.0,2.0,15.4,1009.2,14.3,0.0,1.1,W,Huairou,156.0
6,7,190.0,8.0,60.0,1300.0,11.0,24.2,997.6,20.9,0.0,1.0,NE,Wanliu,190.0
8,6,98.0,2.0,56.0,700.0,4.0,30.0,1001.2,27.0,0.0,1.3,SW,Wanshouxigong,97.0
4,4,120.0,20.0,70.0,1000.0,2.0,4.5,1014.7,1.9,0.0,0.6,NNE,Guanyuan,111.0
2,8,157.0,25.0,72.0,3100.0,7.0,0.0,1012.8,-3.2,0.0,0.9,ESE,Nongzhanguan,157.0
12,8,261.0,41.0,93.0,3800.0,2.0,-6.8,1025.8,-7.9,0.0,0.4,ESE,Dongsi,246.0
9,9,107.0,13.0,70.0,1600.0,7.0,23.9,1013.0,16.9,0.0,1.4,NE,Aotizhongxin,94.0
7,2,102.0,14.0,53.0,1000.0,43.0,24.8,1004.6,19.0,0.0,1.5,ESE,Dongsi,83.0
6,8,79.0,2.0,36.0,800.0,71.0,25.0,1003.2,17.5,0.0,1.8,N,Shunyi,76.0
2,0,41.0,20.0,80.0,1800.0,3.0,1.0,1025.7,-11.1,0.0,2.3,E,Shunyi,79.0
9,23,118.0,11.0,70.0,2000.0,24.0,18.1,1013.0,15.5,0.0,1.0,SW,Dongsi,92.0
7,22,21.0,2.0,30.0,700.0,102.0,23.7,997.6,21.6,1.3,1.7,SSE,Nongzhanguan,21.0
3,11,56.0,5.0,11.0,300.0,87.0,15.3,1016.2,-18.9,0.0,3.9,NW,Aotizhongxin,6.0
11,19,135.0,30.0,89.0,1800.0,,1.9,1017.4,-5.5,0.0,0.2,WSW,Wanshouxigong,90.0
7,4,29.0,3.0,11.0,400.0,57.0,24.6,998.7,21.7,0.0,1.7,ESE,Shunyi,29.0
5,22,77.0,13.0,52.0,1100.0,72.0,22.6,1005.0,7.2,0.0,0.6,WNW,Wanshouxigong,32.0
11,19,22.0,2.0,41.0,500.0,21.0,1.4,1026.5,0.4,0.1,1.6,NE,Guanyuan,22.0
10,5,18.0,1.0,16.0,300.0,20.9916,0.0,1019.9,-1.8,0.0,1.0,WNW,Huairou,15.0
10,4,37.0,8.0,53.0,800.0,11.0,3.7,1024.7,1.9,0.0,0.5,N,Dongsi,32.0
11,0,6.0,2.0,19.0,200.0,58.0,4.1,1013.0,-13.7,0.0,2.0,N,Guanyuan,6.0
12,10,142.0,45.0,77.0,2200.0,3.0,-1.5,1024.2,-13.7,0.0,1.3,SSW,Changping,99.0
2,10,312.0,54.0,91.0,400.0,14.0,2.7,1015.5,-10.2,0.0,1.2,E,Nongzhanguan,312.0
4,2,57.0,3.0,58.0,700.0,13.0,10.9,1016.4,10.0,0.0,1.5,ENE,Dongsi,34.0
3,13,224.0,96.0,76.0,2200.0,54.0,12.0,1005.9,-3.0,0.0,0.5,NNE,Dingling,202.0
10,15,157.0,18.0,112.0,1900.0,26.9892,13.3,1020.4,4.7,0.0,1.0,SW,Guanyuan,107.0
10,21,350.0,2.0,140.0,2600.0,21.0,15.4,1014.0,13.2,0.0,0.8,NNE,Shunyi,350.0
8,7,21.0,2.0,47.0,500.0,4.0,16.2,1009.1,13.9,0.0,0.8,NE,Wanliu,12.0
10,4,59.0,2.5704,32.6427,,21.2058,6.4,1017.6,1.9,0.0,1.3,N,Dingling,46.0
4,8,49.0,11.0,47.0,1399.0,13.0,11.2,1013.1,-7.1,0.0,1.9,E,Shunyi,33.0
7,22,32.0,8.0,43.0,200.0,69.0,25.5,996.7,13.4,0.0,0.4,E,Wanliu,9.0
1,16,410.0,39.0,140.0,4500.0,9.0,0.0,1018.0,-6.0,0.0,2.6,ESE,Tiantan,410.0
2,10,21.0,27.0,16.0,400.0,66.0,1.7,1026.9,-18.3,0.0,2.5,NNE,Shunyi,13.0
9,3,209.0,3.0,,1600.0,,20.4,1007.8,18.2,0.0,0.7,E,Gucheng,209.0
10,0,32.0,2.0,45.0,800.0,19.0,9.5,1019.4,7.3,0.9,2.2,SW,Wanshouxigong,32.0
7,17,63.0,7.0,29.0,700.0,181.0,26.1,987.3,17.2,0.1,2.0,NW,Wanshouxigong,22.0
1,22,327.0,77.0,154.0,5900.0,2.0,-4.0,1015.0,-9.2,0.0,0.7,W,Wanliu,257.0
8,19,87.0,17.0,28.0,1200.0,174.0,26.3,1001.9,24.0,0.3,0.9,WNW,Wanshouxigong,61.0
2,5,73.0,11.0,52.0,1400.0,5.0,-3.1,1023.2,-8.6,0.0,0.5,E,Dongsi,60.0
5,20,149.0,9.0,32.0,700.0,150.0,22.0,1000.0,8.5,0.0,1.4,SSE,Dingling,72.0
2,20,32.0,7.0,55.0,600.0,45.0,5.6,1019.1,-15.7,0.0,2.1,ENE,Nongzhanguan,23.0
3,22,37.0,3.0,48.0,300.0,50.0,14.4,1016.8,-11.2,0.0,1.7,NNE,Wanliu,4.0
12,1,297.0,18.0,111.0,5000.0,2.0,0.8,1017.7,-0.4,0.8,0.5,ESE,Gucheng,297.0
11,21,157.0,7.0,91.0,1800.0,2.3562,7.5,1020.5,6.0,0.0,0.6,SE,Tiantan,196.0
7,2,11.0,3.0,4.0,400.0,109.0,24.3,992.4,21.8,0.0,2.6,ESE,Dingling,18.0
2,1,46.0,14.0,10.0,800.0,37.0,-4.8,1019.7,-26.2,0.0,1.3,N,Dingling,38.0
11,22,8.0,3.0,8.0,,66.6162,6.2,1019.0,-14.0,0.0,1.3,NNW,Gucheng,4.0
5,19,128.0,7.0,19.0,500.0,168.0,27.3,994.6,14.7,0.0,3.1,SSE,Changping,77.0
6,20,68.0,2.0,30.0,600.0,122.0,31.9,996.5,10.6,0.0,1.3,NNE,Changping,28.0
11,19,465.0,40.0,163.0,3900.0,3.0,5.1,1012.0,-0.1,0.0,0.4,NE,Gucheng,338.0
5,2,19.0,4.0,15.0,300.0,96.0,14.3,993.9,2.8,0.0,4.4,WNW,Wanshouxigong,8.0
8,8,152.0,5.0,77.0,1800.0,4.0,22.7,1010.2,21.0,0.0,1.0,E,Guanyuan,152.0
4,0,235.0,6.0,116.0,1100.0,18.0,14.9,1008.3,6.5,0.0,0.0,N,Gucheng,84.0
10,8,38.0,4.0,54.0,500.0,2.0,7.9,1013.5,-3.0,0.0,1.0,NNE,Shunyi,13.0
6,15,22.0,8.0,17.0,200.0,163.0,31.3,1002.3,12.1,0.0,2.1,SSW,Aotizhongxin,14.0
9,7,182.0,12.0,83.0,1800.0,17.0,18.7,1006.5,16.8,0.0,1.8,ENE,Guanyuan,182.0
5,0,75.0,2.0,34.0,400.0,17.0,11.6,997.6,7.1,0.0,0.9,NE,Changping,46.0
4,14,239.0,47.0,42.0,1399.0,156.0,18.5,1002.3,0.6,0.0,4.0,SSE,Changping,153.0
7,8,13.0,2.0,12.0,500.0,81.0,20.4,996.0,18.5,0.1,2.0,NNE,Changping,13.0
2,18,26.0,9.0,28.0,400.0,79.0,8.0,1024.0,-13.0,0.0,1.3,SSW,Wanshouxigong,20.0
10,8,102.0,7.0,98.0,1400.0,4.0,14.0,1014.0,8.2,0.0,1.0,ENE,Nongzhanguan,98.0
5,7,104.0,2.0,61.0,500.0,10.0,18.5,1015.2,-5.6,0.0,2.0,WNW,Tiantan,21.0
7,10,68.0,2.0,30.0,1100.0,73.0,26.3,1001.1,21.5,0.0,2.0,ESE,Guanyuan,63.0
6,9,137.0,2.0,49.0,1100.0,40.0,23.2,1001.0,20.0,0.0,1.0,ENE,Guanyuan,137.0
6,2,11.0,3.7128,33.6692,500.0,64.0,20.6,996.9,20.1,0.0,1.0,NNE,Wanliu,34.0
3,8,75.0,51.0,71.0,2399.0,12.0,-0.3,1012.8,-11.4,0.0,0.5,NNW,Changping,58.0
8,15,160.0,15.0,42.0,800.0,210.0,30.9,1004.2,19.9,0.0,1.9,SW,Wanliu,83.0
12,2,36.0,20.0,8.0,400.0,56.0,4.0,1024.0,-14.8,0.0,7.5,WNW,Dingling,14.0
8,21,154.0,2.0,31.0,800.0,128.0,30.2,997.3,25.0,0.0,0.8,S,Gucheng,113.0
5,7,19.0,17.0,28.0,400.0,81.0,21.8,994.6,5.2,0.0,1.5,W,Gucheng,10.0
2,20,18.0,5.0,2.0,300.0,90.0,2.5,1020.0,-18.3,0.0,2.0,N,Dingling,13.0
1,4,23.0,19.0,47.0,600.0,21.0,-4.0,1029.0,-22.6,0.0,1.6,N,Nongzhanguan,11.0
2,7,139.0,4.0,77.0,2600.0,2.0,0.6,1019.6,-6.3,0.0,0.7,NNE,Tiantan,97.0
6,13,8.0,2.0,13.0,100.0,111.0,30.9,1001.1,5.3,0.0,4.0,NW,Aotizhongxin,8.0
11,4,102.0,24.0,75.0,3800.0,4.0,-0.3,1022.0,-6.7,0.0,0.0,N,Gucheng,61.0
8,10,5.0,3.0,20.0,500.0,123.0,30.8,999.4,16.0,0.0,2.4,NW,Wanshouxigong,3.0
8,14,40.0,18.0,27.0,700.0,137.0,31.6,996.3,15.5,0.0,1.1,SE,Changping,37.0
2,22,13.0,3.0,22.0,300.0,61.0,-1.4,1031.6,-20.4,0.0,3.5,NNE,Guanyuan,11.0
10,7,85.0,,17.0399,,4.9266,13.0,1004.5,10.9,0.0,0.5,WNW,Dingling,85.0
9,13,231.0,22.0,160.0,1900.0,58.0,24.6,1004.3,12.2,0.0,0.9,SW,Guanyuan,172.0
12,2,41.0,2.0,28.0,1200.0,13.0,-5.9,1019.8,-11.2,0.0,1.2,WNW,Huairou,39.0
5,20,76.0,2.0,37.0,300.0,119.0,26.9,1005.3,2.0,0.0,2.7,SW,Wanshouxigong,23.0
4,4,180.0,32.0,94.0,1400.0,4.0,9.4,1011.5,5.6,0.0,0.5,ENE,Shunyi,138.0
12,2,37.0,15.0,58.0,1700.0,1.0,-4.6,1023.0,-19.2,0.0,0.9,ENE,Tiantan,43.0
4,9,180.0,30.0,117.0,1500.0,14.0,16.4,995.7,4.7,0.0,0.6,SSW,Aotizhongxin,169.0
4,23,54.0,6.0,58.0,600.0,18.0,3.8,1018.1,1.7,0.0,2.2,WSW,Wanliu,46.0
11,11,130.0,25.0,40.0,700.0,8.0,9.7,1009.7,-8.4,0.0,1.5,NNE,Guanyuan,39.0
1,11,21.0,9.0,35.0,800.0,48.0,-4.34,1033.0,-20.9,0.0,0.8,NE,Wanliu,9.0
10,18,226.0,11.0,54.0,1400.0,148.0,22.1,1005.9,15.7,0.0,0.4,E,Nongzhanguan,204.0
1,14,7.0,5.0,16.0,300.0,70.0,7.0,1021.0,-17.9,0.0,1.7,E,Gucheng,7.0
8,20,22.0,2.0,22.0,500.0,54.0,19.6,1000.3,17.6,0.0,1.7,WNW,Huairou,18.0
8,0,77.0,15.0,26.0,2100.0,87.0,23.4,1004.0,18.3,0.0,1.2,E,Tiantan,77.0
6,9,29.0,3.0,53.0,500.0,5.0,21.0,1008.5,15.8,0.0,0.7,NNE,Guanyuan,18.0
1,7,316.0,54.0,120.0,5200.0,13.0,-7.0,1019.0,-14.8,0.0,1.6,E,Tiantan,316.0
7,3,95.0,,38.5964,,47.0,23.9,1002.2,23.2,0.0,0.1,SE,Dongsi,127.0
7,23,77.0,2.0,28.0,900.0,49.0,21.7,995.4,17.3,0.0,1.3,NW,Huairou,53.0
2,22,64.0,31.0,96.0,1500.0,11.0,1.1,1020.9,-11.7,0.0,1.1,W,Gucheng,56.0
8,11,116.0,6.0,13.0,1200.0,150.0,30.2,1000.7,21.3,0.0,1.2,S,Huairou,84.0
4,12,153.0,14.0,40.0,700.0,122.0,22.6,1003.6,11.9,0.0,2.8,ESE,Dingling,112.0
3,17,272.0,62.0,70.0,1800.0,194.0,21.0,998.4,3.2,0.0,2.0,SE,Changping,219.0
4,21,42.0,26.0,55.0,1000.0,69.0,14.3,1013.5,2.8,0.0,2.1,ESE,Huairou,89.0
7,1,67.0,7.0,94.0,500.0,14.0,23.5,990.0,20.6,0.0,0.6,SSW,Aotizhongxin,25.0
6,3,30.0,4.0,16.0,400.0,33.0,21.7,993.1,11.4,0.0,2.4,NE,Huairou,24.0
11,0,178.0,5.0,68.0,2300.0,3.0,5.3,1026.2,4.1,0.0,0.7,ESE,Aotizhongxin,178.0
6,10,17.0,2.0,30.0,500.0,111.0,23.0,1006.2,11.7,0.0,1.6,N,Wanshouxigong,17.0
2,19,56.0,22.0,42.0,900.0,39.0,1.0,1025.0,-9.3,0.0,1.6,SSE,Nongzhanguan,52.0
2,0,75.0,17.0,36.0,600.0,35.0,0.0,1018.0,-17.7,0.0,1.2,NNE,Nongzhanguan,28.0
7,3,59.0,12.0,38.0,1500.0,51.0,24.1,1006.0,14.5,0.0,0.7,SW,Wanliu,30.0
6,7,111.0,11.424,71.4444,,28.0,25.0,995.0,21.9,0.0,0.9,N,Dongsi,101.0
5,17,47.0,7.0,18.0,500.0,234.0,28.6,1009.6,4.8,0.0,2.1,S,Wanshouxigong,47.0
11,22,82.0,4.0,73.0,1500.0,2.0,2.1,1022.1,1.1,0.0,0.2,SW,Aotizhongxin,82.0
2,23,125.0,41.0,56.0,2400.0,2.0,2.8,1003.0,0.2,0.0,1.8,ESE,Changping,130.0
7,2,63.0,8.0,65.0,600.0,12.0,26.5,1002.2,22.1,0.0,1.2,E,Tiantan,52.0
3,10,474.0,38.0,69.0,,26.0,16.6,1008.6,1.8,0.0,1.8,SE,Changping,118.0
1,17,81.0,47.0,79.0,1100.0,23.0,3.0,1015.0,-17.8,0.0,2.5,SE,Changping,42.0
7,15,186.0,8.0,60.0,1100.0,139.0,31.2,995.4,23.6,0.0,1.2,SSE,Wanliu,186.0
2,3,234.0,51.0,99.0,4700.0,6.0,0.0,1008.0,-7.7,0.0,1.7,NNW,Changping,234.0
7,9,33.0,14.0,29.0,200.0,52.0,31.7,997.5,12.5,0.0,1.8,NNE,Wanliu,10.0
1,22,342.0,41.0,57.0,1200.0,24.0,0.6,1022.0,-15.8,0.0,1.8,SE,Tiantan,233.0
6,6,44.0,2.0,60.0,500.0,8.0,16.8,1002.7,12.1,0.0,0.7,ESE,Aotizhongxin,13.0
7,22,46.0,2.0,56.0,800.0,72.0,28.3,995.7,23.0,0.0,1.6,SSW,Gucheng,46.0
8,10,165.0,13.0,77.0,1400.0,89.0,29.4,1008.0,19.1,0.0,0.8,SE,Dongsi,136.0
3,10,124.0,32.0,67.0,1800.0,18.0,6.0,1021.3,-5.7,0.0,1.6,ESE,Wanshouxigong,103.0
6,19,72.0,7.0,43.0,5000.0,83.0,20.6,996.9,14.9,0.0,2.4,SSW,Wanshouxigong,72.0
5,3,28.0,2.0,9.0,300.0,62.0,9.6,1012.2,-6.7,0.0,2.4,NW,Wanliu,27.0
12,3,50.0,7.0,67.0,2000.0,2.0,-5.0,1022.1,-13.1,0.0,1.2,NW,Changping,36.0
5,16,531.0,37.0,34.0,1600.0,256.0,31.3,998.5,14.4,0.0,3.0,SSW,Dongsi,131.0
8,23,127.0,2.0,21.0,1500.0,51.0,27.8,1001.6,24.4,0.0,0.9,SE,Huairou,127.0
4,1,139.0,2.0,92.0,1200.0,4.0,12.8,1010.0,10.5,0.0,1.3,N,Shunyi,139.0
9,3,28.0,2.0,29.0,300.0,2.0,20.5,992.3,13.2,0.0,0.9,NNW,Changping,13.0
5,5,17.0,2.0,38.0,300.0,10.0,6.0,1005.9,4.6,0.0,0.8,WNW,Huairou,17.0
11,15,63.0,12.0,37.0,500.0,48.0,12.0,1025.8,-5.1,0.0,2.1,S,Wanliu,37.0
9,18,92.0,13.0,41.0,800.0,122.0,22.8,1007.0,16.6,0.0,1.7,S,Nongzhanguan,80.0
10,3,36.0,3.0,38.0,800.0,15.0,9.1,1020.4,5.1,0.0,1.6,NW,Dingling,22.0
11,18,95.0,13.0,57.0,700.0,40.0,5.8,1026.3,-6.8,0.0,1.1,SW,Aotizhongxin,63.0
6,4,104.0,15.0,51.0,2000.0,65.0,23.0,999.7,20.5,0.0,0.8,NE,Guanyuan,95.0
10,3,25.0,2.0,2.0,400.0,13.0,6.4,1011.0,2.9,0.0,1.0,NW,Dingling,20.0
6,16,55.0,7.0,9.0,800.0,194.0,32.4,995.2,12.1,0.0,4.0,SSW,Dingling,52.0
9,4,188.0,13.0,89.0,1600.0,16.0,18.3,1004.7,16.3,0.0,0.4,NNE,Wanliu,150.0
12,4,151.0,4.0,53.0,2600.0,14.0,-7.0,1016.5,-7.9,0.0,1.6,WNW,Huairou,151.0
8,0,17.0,3.0,2.0,400.0,70.0,23.8,1001.4,16.8,0.0,0.4,N,Dingling,17.0
9,17,39.0,4.0,19.0,700.0,147.0,29.9,1003.2,14.4,0.0,2.2,S,Changping,22.0
6,18,30.0,2.0,46.0,600.0,88.0,21.6,996.2,21.3,0.0,1.1,E,Aotizhongxin,30.0
6,15,143.0,3.0,36.0,1200.0,196.0,25.9,995.3,20.7,0.0,1.5,WSW,Wanshouxigong,143.0
6,11,56.0,2.0,20.0,700.0,124.0,28.3,999.7,19.8,0.0,1.4,E,Aotizhongxin,56.0
9,12,5.0,3.0,17.0,300.0,60.0,26.6,1013.8,1.8,0.0,1.4,N,Dongsi,3.0
3,7,74.0,27.0,62.0,1500.0,7.0,-1.5,1008.7,-17.7,0.0,1.3,NNW,Changping,53.0
9,7,82.0,2.0,24.0,900.0,10.0,18.7,1006.9,17.4,0.0,0.4,NE,Huairou,82.0
7,23,134.0,10.0,123.0,1000.0,2.0,24.0,997.8,22.1,0.0,0.7,WSW,Wanliu,42.0
8,9,103.0,5.0,33.0,1000.0,22.0,27.9,996.8,26.3,0.0,0.9,SSW,Huairou,88.0
12,5,186.0,52.0,116.0,,6.6402,-2.1,1012.1,-5.8,0.0,0.5,SSE,Gucheng,202.0
12,14,105.0,30.0,73.0,2100.0,12.0,3.3,1025.9,-9.4,0.0,1.0,W,Gucheng,105.0
3,7,57.0,5.0,58.0,500.0,4.0,8.4,1013.8,-4.8,0.0,0.9,ESE,Wanshouxigong,16.0
11,0,71.0,6.0,69.0,1200.0,2.0,1.7,1006.4,-3.8,0.0,1.0,S,Gucheng,42.0
5,11,51.0,2.0,32.0,1900.0,80.0,13.4,1007.2,8.5,0.1,2.7,NNW,Dongsi,46.0
8,17,89.0,2.0,2.0,1300.0,251.0,30.6,996.0,24.0,0.0,1.4,SSE,Guanyuan,86.0
3,13,6.0,9.0,11.0,300.0,85.0,9.2,1019.4,-16.2,0.0,4.3,WNW,Changping,3.0
4,23,26.0,7.0,22.0,700.0,56.0,8.5,998.9,1.2,0.0,2.3,E,Dingling,54.0
7,11,134.0,5.0,16.0,500.0,159.0,29.4,995.7,17.2,0.0,2.5,SSE,Huairou,47.0
4,23,118.0,2.0,17.0,200.0,50.0,14.8,1000.1,-5.6,0.0,1.5,N,Dingling,24.0
10,17,218.0,18.0,119.0,1400.0,2.0,12.5,1006.7,10.6,0.0,0.0,N,Wanliu,156.0
4,13,82.0,2.0,10.0,200.0,95.0,23.0,1008.0,-6.0,0.0,4.5,WNW,Dongsi,15.0
2,0,31.0,4.0,23.0,500.0,2.0,5.2,1011.0,-14.8,0.0,2.9,NNE,Huairou,31.0
4,12,39.0,2.0,22.0,300.0,91.0,21.3,1010.5,-11.6,0.0,4.3,SW,Nongzhanguan,14.0
8,1,39.0,2.0,29.0,600.0,36.0,21.4,1006.4,18.2,0.0,1.2,SW,Tiantan,19.0
6,21,67.0,8.0,47.0,500.0,97.0,27.5,1005.6,3.2,0.0,2.8,WSW,Nongzhanguan,33.0
10,9,33.0,2.0,19.0,300.0,30.0,7.5,1007.9,-0.5,0.0,0.4,NE,Huairou,3.0
4,17,138.0,39.0,37.0,3000.0,140.0,18.4,1010.6,5.6,0.0,1.3,SW,Wanshouxigong,138.0
11,6,6.0,2.0,8.0,400.0,28.0,-2.3,1018.6,-9.2,0.0,0.3,NNE,Huairou,4.0
8,7,69.0,2.0,68.0,700.0,2.0,23.7,1009.9,12.0,0.0,1.5,NNE,Tiantan,32.0
11,8,254.0,36.0,123.0,,9.639,6.7,1015.3,-3.8,0.0,0.9,E,Dongsi,145.0
5,2,63.0,5.0,20.0,400.0,96.0,23.0,1006.7,10.8,0.0,4.0,SW,Aotizhongxin,47.0
10,19,10.0,2.0,7.0,300.0,59.0,18.4,1009.3,-2.6,0.0,2.4,NW,Huairou,10.0
7,10,28.0,2.0,12.0,300.0,81.0,28.7,1000.5,11.7,0.0,3.2,NE,Nongzhanguan,9.0
10,11,56.0,5.0,39.0,1000.0,51.0,15.5,1014.9,12.4,0.0,0.6,NE,Nongzhanguan,56.0
1,8,128.0,16.0,81.0,2800.0,15.0,,,,,1.1,NW,Aotizhongxin,111.0
2,0,19.0,4.0,26.0,100.0,168.0,0.3,1029.4,-22.0,0.0,2.3,NNE,Guanyuan,6.0
7,16,2.0,3.0,,400.0,118.0,37.9,989.7,18.4,0.0,2.9,NW,Dingling,20.0
5,12,48.0,2.0,6.0,100.0,104.0,24.7,997.7,-5.6,0.0,4.5,WNW,Dingling,14.0
1,19,19.0,2.0,2.0,300.0,77.0,-4.5,1025.0,-23.8,0.0,2.6,NE,Dingling,7.0
10,13,7.0,2.0,20.0,300.0,70.0,19.1,1017.9,-8.2,0.0,1.4,NE,Gucheng,7.0
10,5,228.0,13.0,56.0,2300.0,13.0,14.0,1019.5,13.8,0.0,0.7,NNW,Nongzhanguan,217.0
1,3,114.0,57.0,69.0,2000.0,3.0,-5.9,1014.1,-7.7,0.0,0.5,W,Nongzhanguan,95.0
12,19,57.0,3.0,18.0,400.0,48.0,-4.0,1026.0,-23.2,0.0,2.8,NNW,Dongsi,3.0
7,16,70.0,2.0,26.0,,177.0,31.2,995.1,23.3,0.0,1.6,WSW,Wanliu,65.0
6,5,71.0,4.0,10.0,800.0,68.0,17.8,1000.4,15.2,0.0,0.6,NE,Dingling,122.0
2,18,54.0,17.0,30.0,800.0,54.0,2.0,1027.0,-9.3,0.0,2.3,S,Tiantan,35.0
4,9,54.0,3.0,3.0,100.0,92.0,13.8,1016.1,-14.2,0.0,3.6,NNW,Dingling,8.0
2,3,13.0,7.0,31.0,500.0,37.0,-2.6,1021.8,-10.0,0.0,0.9,SE,Wanshouxigong,10.0
11,10,168.0,7.0,66.0,1500.0,2.0,6.1,1010.9,0.0,0.0,1.1,SSE,Huairou,103.0
12,9,20.0,19.0,37.0,700.0,5.0,0.8,1027.1,-15.7,0.0,2.9,NNE,Wanshouxigong,27.0
8,11,37.0,6.0,44.0,600.0,76.0,31.3,1002.1,10.6,0.0,2.9,SE,Tiantan,15.0
4,3,145.0,15.0,88.0,800.0,6.0,12.0,1004.4,1.0,0.0,0.5,WNW,Nongzhanguan,59.0
10,19,202.0,4.0,95.0,1900.0,5.0,16.6,1012.2,14.4,0.0,0.3,SW,Wanliu,179.0
11,2,88.0,14.0,63.0,1700.0,4.0,-3.7,1025.5,-11.2,0.0,0.4,NNE,Gucheng,56.0
5,7,32.0,2.0,16.0,400.0,15.0,14.7,1002.7,10.1,0.0,1.0,ENE,Huairou,17.0
5,18,123.0,14.0,25.0,500.0,132.0,22.9,1001.5,4.4,0.0,1.9,SW,Gucheng,36.0
11,5,40.0,30.0,55.0,1500.0,17.0,7.1,1012.9,-15.0,0.0,1.1,NNW,Gucheng,35.0
4,6,82.0,35.0,49.0,1200.0,29.0,7.0,1022.0,-3.8,0.0,2.1,SE,Tiantan,53.0
7,22,54.0,2.0,24.0,600.0,127.0,24.0,999.6,19.5,0.0,1.3,W,Wanliu,54.0
11,4,36.0,2.0,46.0,1000.0,3.0,6.6,1017.5,4.9,0.3,0.6,NNW,Tiantan,36.0
8,18,18.0,2.0,7.0,300.0,54.0,28.6,1001.5,13.3,0.0,1.0,SSW,Huairou,18.0
12,11,41.0,21.0,48.0,1000.0,13.0,4.1,1013.1,-14.7,0.0,1.3,S,Aotizhongxin,29.0
8,4,5.0,2.0,17.0,300.0,64.0,21.0,1001.5,12.7,0.0,1.5,ENE,Wanliu,5.0
12,18,389.0,29.0,101.0,5400.0,2.0,0.4,1014.6,0.4,0.0,1.3,E,Guanyuan,351.0
9,2,10.0,2.0,23.0,200.0,78.0,23.0,1006.4,3.5,0.0,2.4,N,Nongzhanguan,6.0
5,5,80.0,2.0,30.0,700.0,74.0,19.2,998.9,17.2,1.1,1.4,ENE,Changping,58.0
9,3,38.0,2.0,11.0,600.0,72.0,21.3,1003.1,15.6,0.0,2.3,ESE,Dingling,31.0
6,2,189.0,3.0,11.0,900.0,50.0,23.7,991.8,22.3,0.0,1.6,W,Huairou,112.0
2,23,16.0,10.0,26.0,300.0,63.0,0.8,1025.6,-17.0,0.0,1.9,NNE,Wanliu,13.0
11,6,43.0,6.0,28.0,600.0,10.0,2.3,1023.0,-8.2,0.0,1.2,NNW,Dingling,33.0
6,22,125.0,3.0,52.0,1200.0,163.0,27.6,999.1,18.9,0.0,1.1,E,Wanshouxigong,70.0
4,7,53.0,2.0,42.0,200.0,51.0,14.4,1012.0,-1.3,0.0,1.4,ENE,Dongsi,16.0
11,17,219.0,32.0,129.5443,2200.0,,8.7,1013.0,4.3,0.0,0.2,WSW,Wanliu,201.0
6,23,117.0,2.0,51.0,1000.0,79.0,22.9,999.5,18.9,0.0,0.7,NE,Wanliu,117.0
5,15,128.0,8.0,19.0,600.0,189.0,28.4,1002.1,5.3,0.0,3.7,SSW,Wanshouxigong,45.0
3,16,20.0,10.0,34.0,500.0,70.0,14.5,1015.7,-13.7,0.0,2.6,S,Aotizhongxin,14.0
7,6,8.0,6.0,29.0,400.0,53.0,24.9,996.2,15.5,0.0,0.4,SW,Changping,5.0
1,12,88.0,36.0,85.0,2400.0,5.0,2.4,1016.0,-13.7,0.0,1.1,SW,Changping,76.0
9,4,61.0,5.0,64.0,600.0,1.0,12.3,1011.4,5.0,0.0,1.3,NE,Wanshouxigong,33.0
5,6,93.0,12.0,48.0,500.0,75.0,20.6,1008.3,11.2,0.0,2.2,SSW,Dongsi,62.0
8,3,26.0,2.0,45.0,600.0,19.0,22.6,1006.5,17.7,0.0,1.5,NNE,Nongzhanguan,23.0
1,19,294.0,81.0,137.0,3300.0,17.0,3.0,1014.0,-13.3,0.0,1.0,NW,Gucheng,246.0
3,14,757.0,2.0,13.0,300.0,88.0,22.9,1003.0,-1.3,0.0,6.2,NW,Changping,73.0
6,14,58.0,10.0,13.0,600.0,199.0,33.4,993.8,14.5,0.0,3.1,S,Changping,42.0
5,5,37.0,3.0,30.0,300.0,55.0,12.1,1004.8,3.6,0.0,0.0,NE,Dongsi,17.0
6,12,115.0,18.0,26.0,1300.0,247.0,33.8,996.5,17.1,0.0,3.4,ESE,Changping,72.0
3,16,101.0,31.0,42.0,1100.0,68.0,8.8,1016.9,-6.2,0.0,0.8,SW,Shunyi,79.0
9,8,158.0,5.0,68.0,1200.0,52.0,18.3,1014.4,15.5,0.0,1.4,ENE,Guanyuan,158.0
6,11,64.0,29.0,29.0,600.0,132.0,31.4,998.9,15.8,0.0,0.8,ENE,Aotizhongxin,64.0
10,4,53.0,3.0,80.0,900.0,2.0,3.2,1017.2,0.1,0.0,0.0,N,Gucheng,38.0
8,1,171.0,13.0,72.0,1600.0,2.0,27.5,992.6,26.8,0.0,0.7,ENE,Aotizhongxin,158.0
1,10,290.0,121.0,128.0,6400.0,2.0,4.0,1013.0,-7.8,0.0,1.3,ENE,Wanliu,211.0
8,13,37.0,3.0,32.0,700.0,173.0,31.0,1001.1,13.3,0.0,1.7,S,Dongsi,29.0
5,13,43.0,2.0,2.0,200.0,109.0,24.7,990.9,-9.0,0.0,5.5,N,Dingling,43.0
3,23,85.0,23.0,44.0,500.0,45.0,3.7,1018.1,-11.5,0.0,2.0,SE,Dongsi,58.0
7,11,48.0,7.4256,30.3844,,95.0,35.1,996.1,14.9,0.0,2.8,NW,Dongsi,20.0
10,19,199.0,29.0,135.0,3000.0,20.0,16.3,1017.0,15.7,0.0,0.6,NNE,Dongsi,182.0
8,17,76.0,20.0,23.0,1200.0,270.0,31.6,1003.3,15.1,0.0,1.5,SSE,Nongzhanguan,49.0
8,17,116.0,2.0,13.0,800.0,210.0,30.3,1002.1,22.5,0.0,1.9,E,Changping,116.0
11,11,15.0,7.0,13.0,400.0,57.4056,8.9,1022.6,-20.1,0.0,3.7,NNW,Aotizhongxin,11.0
5,11,21.0,7.0,17.0,300.0,98.0,17.8,1007.3,11.1,0.0,1.8,E,Shunyi,15.0
4,12,27.0,2.0,2.0,,76.0,17.5,1004.4,-7.1,0.0,4.0,WNW,Changping,11.0
6,10,208.0,6.0,14.0,1600.0,75.0,26.4,994.8,19.8,0.0,1.1,SSE,Huairou,163.0
5,14,229.0,28.0,28.0,2300.0,199.0,26.4,990.9,16.3,0.0,2.2,WSW,Huairou,184.0
2,7,497.0,58.0,77.0,2800.0,2.0,-1.0,1024.0,-10.4,0.0,1.7,ENE,Wanliu,397.0
5,23,143.0,45.0,95.0,1100.0,39.0,17.0,1008.2,6.2,0.0,0.7,ENE,Guanyuan,85.0
2,19,56.0,8.0,67.0,700.0,47.0,9.3,1019.9,-7.4,0.0,1.3,S,Shunyi,33.0
1,7,15.0,13.0,46.0,1100.0,16.0,-4.4,1023.5,-16.6,0.0,1.3,NE,Wanliu,13.0
10,13,189.0,7.0,69.0,1700.0,58.0,20.8,1005.9,13.7,0.0,2.0,ESE,Changping,189.0
2,8,23.0,6.0,40.0,700.0,9.0,-8.6,1027.6,-16.5,0.0,0.3,WSW,Huairou,3.0
5,5,96.0,3.0,98.0,700.0,2.0,10.2,1008.8,7.8,0.0,0.1,NE,Aotizhongxin,43.0
7,6,87.0,13.0,30.0,1100.0,27.0,24.5,1000.1,22.0,0.0,2.0,E,Changping,109.0
10,12,45.0,4.0,26.0,600.0,45.0,14.8,1013.9,-0.9,0.0,4.3,WNW,Changping,14.0
1,23,46.0,35.0,35.0,1200.0,28.0,-6.2,1025.1,-21.4,0.0,1.2,NNW,Changping,40.0
8,20,114.0,3.0,30.0,600.0,144.0,32.0,995.4,19.6,0.0,1.5,ENE,Changping,62.0
2,21,61.0,21.0,17.0,1200.0,58.0,4.0,1017.0,-12.0,0.0,1.1,NNW,Dingling,54.0
2,5,169.0,54.0,63.0,3400.0,5.0,-5.5,1025.8,-11.0,0.0,1.3,ENE,Nongzhanguan,168.0
12,5,13.0,7.0,25.0,400.0,48.0,1.0,1023.7,-13.1,0.0,2.9,N,Nongzhanguan,10.0
5,17,30.0,5.0,24.0,,75.0,23.2,997.6,3.7,0.0,1.0,SSW,Wanliu,11.0
6,0,,5.0,52.0,700.0,2.0,16.2,1007.3,16.0,0.0,0.9,W,Wanliu,21.0
2,16,69.0,4.0,12.0,400.0,53.0,2.6,1022.1,-23.1,0.0,4.7,NW,Gucheng,11.0
3,11,39.0,2.0,2.0,300.0,92.0,12.0,1023.5,-13.9,0.0,3.3,NW,Dingling,10.0
1,4,22.0,8.0,37.0,600.0,82.0,-8.45,1031.0,-21.7,0.0,2.1,NE,Aotizhongxin,14.0
7,15,141.0,11.0,13.0,1100.0,240.0,32.4,994.0,22.5,0.0,1.8,SSW,Tiantan,100.0
12,17,264.0,42.0,156.0,3800.0,9.0,1.3,1024.7,-3.4,0.0,0.9,ENE,Aotizhongxin,220.0
6,14,68.0,3.0,15.0,300.0,228.0,36.2,995.8,9.7,0.0,4.8,SSW,Gucheng,41.0
6,12,7.0,3.0,14.0,100.0,131.0,29.5,1004.3,12.0,0.0,1.5,SW,Wanshouxigong,7.0
9,9,32.0,4.0,37.0,200.0,6.0,24.3,999.3,15.8,0.0,1.7,WSW,Changping,12.0
5,19,68.0,6.0,26.0,400.0,121.0,21.2,1010.3,2.9,0.0,3.0,S,Gucheng,32.0
9,10,60.0,3.0,24.0,2100.0,36.0,23.6,1010.3,18.0,0.0,1.9,ESE,Shunyi,39.0
7,3,100.0,3.0,77.0,1200.0,11.0,24.5,996.8,20.8,0.0,0.3,NW,Wanshouxigong,61.0
1,1,222.0,103.0,124.0,5200.0,2.0,-4.0,1024.3,-16.6,0.0,1.4,ENE,Guanyuan,184.0
9,5,79.0,13.0,48.0,1000.0,29.0,19.6,1014.8,16.1,0.0,2.0,ESE,Tiantan,79.0
9,5,19.0,3.0,29.0,200.0,53.0,21.9,1005.6,3.5,0.0,1.8,NE,Wanshouxigong,3.0
1,1,39.0,7.0,45.0,1100.0,2.0,-10.6,1018.2,-21.6,0.0,0.7,SW,Huairou,36.0
5,7,214.0,15.0,66.0,900.0,64.0,24.0,1003.1,14.1,0.0,0.9,SSE,Aotizhongxin,105.0
11,19,3.0,,6.5696,,65.5452,14.1,1018.2,-5.1,0.0,1.7,NNE,Dingling,3.0
10,0,9.0,2.0,7.0,300.0,35.0,10.2,1011.5,-4.6,0.0,2.8,WNW,Shunyi,3.0
12,14,23.0,22.0,26.0,700.0,38.0,2.3,1021.3,-17.8,0.0,0.7,E,Aotizhongxin,18.0
3,9,44.0,39.0,49.0,800.0,85.0,6.8,1025.0,-17.3,0.0,5.2,SW,Tiantan,24.0
4,10,76.0,6.0,34.0,500.0,96.0,12.5,1005.2,1.5,0.0,2.0,SW,Gucheng,61.0
7,19,44.0,2.0,10.0,700.0,48.0,22.9,995.1,18.7,0.0,0.8,WNW,Huairou,25.0
8,0,101.0,2.0,63.0,1200.0,56.0,27.3,995.4,24.9,0.0,0.9,NNE,Guanyuan,80.0
9,18,126.0,22.0,35.0,1100.0,187.0,26.1,1005.6,12.5,0.0,1.8,S,Dongsi,83.0
8,20,116.0,2.0,86.0,600.0,31.0,22.1,1006.9,11.5,0.0,1.1,SSW,Gucheng,31.0
9,12,53.0,18.0,30.0,700.0,117.0,26.4,1009.8,13.2,0.0,0.9,W,Dongsi,53.0
10,10,69.0,7.0,74.0,900.0,9.0,14.3,1016.3,-1.8,0.0,0.8,ESE,Gucheng,46.0
3,9,183.0,6.0,59.0,1200.0,13.0,10.1,1009.9,-8.1,0.0,1.7,SE,Huairou,93.0
5,23,33.0,2.0,2.0,100.0,93.0,20.2,1006.4,-9.1,0.0,4.1,NNW,Dingling,4.0
7,4,109.0,2.0,44.0,700.0,79.0,24.2,994.8,18.6,0.0,1.0,NNW,Changping,109.0
1,5,207.0,28.0,81.0,3800.0,14.0,-7.0,1016.0,-15.0,0.0,1.6,ENE,Tiantan,172.0
4,6,141.0,11.0,97.0,1300.0,4.0,11.4,1004.5,6.3,0.0,0.5,ENE,Gucheng,100.0
5,17,128.0,10.0,78.0,,179.0,32.4,996.6,7.3,0.0,3.4,SW,Wanshouxigong,48.0
12,23,16.0,,,,,-1.2,1025.1,-14.4,0.0,5.0,WNW,Shunyi,16.0
6,2,138.0,15.0,27.0,2100.0,24.0,20.0,998.9,18.8,0.0,0.9,WNW,Changping,126.0
5,16,65.0,16.0,31.0,700.0,169.0,25.6,1003.1,10.2,0.0,3.2,SW,Wanliu,47.0
1,14,254.0,37.0,101.0,5500.0,43.0,3.1,1026.7,-3.7,0.0,1.2,NNW,Shunyi,254.0
12,15,109.0,30.0,117.0,1900.0,17.0,8.0,1016.0,-14.3,0.0,1.8,S,Nongzhanguan,76.0
5,6,84.0,2.0,68.0,600.0,9.0,16.7,1004.0,10.3,0.0,1.3,NNE,Shunyi,48.0
8,7,23.0,2.0,43.0,400.0,45.0,20.6,996.0,15.2,0.0,1.7,NNE,Shunyi,23.0
9,17,98.0,12.0,25.0,1000.0,192.0,28.75,1010.0,17.5,0.0,3.3,SW,Dongsi,94.0
1,5,11.0,7.0,14.0,700.0,46.0,0.0,1017.2,-11.1,0.0,2.0,NNW,Gucheng,11.0
6,8,148.0,7.0,33.0,800.0,67.0,24.9,1004.0,21.2,0.0,1.4,ESE,Aotizhongxin,148.0
6,17,171.0,8.8536,64.2589,,127.449,26.0,1002.6,19.6,0.0,2.1,SSW,Aotizhongxin,56.0
1,23,239.0,109.0,127.0,4600.0,8.0,0.4,1014.2,-6.3,0.0,0.8,ENE,Dongsi,179.0
12,12,127.0,32.0,26.0,,58.4766,6.6,1006.3,-17.5,0.0,5.5,WNW,Changping,28.0
4,17,119.0,43.0,44.0,600.0,136.0,22.5,1000.2,4.5,0.0,2.6,ESE,Guanyuan,78.0
6,11,142.0,13.4232,40.8547,,139.0,27.8,999.0,20.9,0.0,2.1,S,Dongsi,176.0
11,0,161.0,2.0,89.0,1900.0,2.0,7.0,1018.3,5.0,0.0,0.7,NE,Tiantan,161.0
10,3,132.0,2.0,77.0,1700.0,2.0,11.9,1018.4,11.3,0.0,0.6,N,Wanshouxigong,132.0
9,3,133.0,10.0,56.0,1400.0,43.0,18.9,1001.9,14.8,0.0,0.8,W,Changping,116.0
5,0,73.0,22.0,11.0,400.0,91.0,15.4,998.0,2.5,0.0,2.4,NE,Dingling,43.0
11,17,11.0,3.0,14.0,200.0,51.408,5.8,1021.7,-15.5,0.0,2.8,NNE,Nongzhanguan,3.0
11,15,184.0,31.0,91.0,2300.0,9.0,5.4,1019.5,-9.2,0.0,1.2,SE,Dongsi,125.0
12,18,70.0,9.0,61.0,1500.0,12.0,-7.1,1028.3,-13.4,0.0,1.0,N,Huairou,63.0
7,17,11.0,2.0,14.0,300.0,121.0,32.0,997.5,10.1,0.0,1.2,WNW,Guanyuan,11.0
6,0,50.0,2.0,17.0,400.0,78.0,23.7,993.8,20.0,0.0,1.6,NNW,Dingling,50.0
2,6,131.0,43.0,104.0,3400.0,2.0,-8.0,1010.0,-15.5,0.0,0.7,NW,Wanliu,123.0
4,0,53.0,8.0,34.0,600.0,49.0,13.8,1001.8,0.1,0.0,0.5,NE,Huairou,49.0
2,1,6.0,2.0,2.0,200.0,87.0,4.0,1021.0,-15.3,0.0,1.9,NNE,Dingling,6.0
4,0,153.0,7.0,95.0,900.0,2.0,10.5,1005.9,-4.3,0.0,0.0,W,Gucheng,125.0
8,1,228.0,2.0,28.0,1900.0,91.0,25.7,1005.2,22.8,0.0,1.6,ENE,Dongsi,161.0
5,22,304.0,48.0,45.0,1899.0,166.0,19.1,1011.4,15.2,0.0,0.0,ESE,Dongsi,264.0
2,23,23.0,6.0,2.0,200.0,86.0,0.0,1023.0,-17.3,0.0,3.1,NW,Dingling,14.0
3,10,30.0,29.0,62.0,1200.0,17.0,2.6,1020.4,-4.0,0.0,3.0,W,Aotizhongxin,24.0
3,10,328.0,70.0,105.0,4000.0,10.0,5.8,1011.6,-6.5,0.0,1.4,SSW,Changping,272.0
12,5,12.0,8.0,49.0,300.0,22.0,-3.7,1032.3,-19.2,0.0,2.1,NE,Aotizhongxin,9.0
4,18,22.0,3.0,3.0,100.0,106.0,17.9,998.1,-9.1,0.0,7.4,WNW,Huairou,10.0
1,3,310.0,44.0,110.0,4800.0,38.0,-3.125,1020.0,-6.5,0.0,1.1,NE,Guanyuan,310.0
3,11,115.0,47.0,77.0,1700.0,93.0,5.5,1024.2,-4.7,0.0,1.8,ENE,Nongzhanguan,111.0
3,4,20.0,5.0,17.0,400.0,48.0,7.4,1017.3,-10.4,0.0,1.7,NNW,Changping,7.0
3,14,345.0,54.0,126.0,2300.0,72.0,15.2,1010.8,-0.2,0.0,2.1,SW,Guanyuan,291.0
1,11,399.0,34.0,200.0,7700.0,4.0,2.5,1019.1,-4.5,0.0,1.0,E,Gucheng,340.0
11,22,62.0,8.0,53.0,400.0,15.0,0.3,1030.2,-17.0,0.0,1.3,NW,Wanshouxigong,34.0
7,10,92.0,2.0,26.0,900.0,72.0,27.9,998.0,24.1,0.0,1.5,NE,Shunyi,92.0
1,19,38.0,23.0,,800.0,13.0,6.2,1016.8,-18.6,0.0,1.0,N,Dongsi,28.0
12,5,24.0,21.0,22.0,400.0,33.0,-4.6,1026.0,-20.4,0.0,3.4,W,Changping,4.0
5,18,222.0,77.0,88.0,,137.9448,23.9,994.4,8.7,0.0,1.4,SSW,Wanliu,118.0
12,19,318.0,7.0,113.0,5400.0,2.0,-2.6,1022.9,-5.9,0.0,1.2,N,Changping,224.0
8,11,36.0,5.0,45.0,,64.4742,32.9,1005.6,15.0,0.0,2.0,NE,Aotizhongxin,17.0
11,18,107.0,7.0,80.0,900.0,30.0,12.6,1016.3,0.3,0.0,0.4,SSE,Guanyuan,62.0
2,18,111.0,45.0,60.0,1600.0,4.0,7.3,1014.0,2.8,0.0,1.2,N,Changping,130.0
5,19,48.0,3.0,30.0,2600.0,66.0,12.6,1012.9,3.3,0.0,1.6,ENE,Nongzhanguan,22.0
10,17,75.0,2.0,39.0,400.0,23.0,14.4,1012.0,-3.4,0.0,2.7,WNW,Shunyi,24.0
3,1,61.0,7.0,57.0,1100.0,12.0,0.7,1007.7,-5.1,0.0,0.8,E,Huairou,46.0
6,16,22.0,2.0,11.0,200.0,121.0,37.3,1000.3,6.3,0.0,2.2,WNW,Aotizhongxin,22.0
1,23,143.0,43.0,101.0,2400.0,32.0,-1.65,1032.0,-12.5,0.0,0.9,SE,Wanliu,143.0
9,12,96.0,13.0,35.0,1100.0,150.0,29.3,1005.9,18.4,0.0,1.6,S,Dongsi,96.0
9,15,57.0,15.0,17.0,800.0,81.0,20.1,1010.0,13.2,0.0,2.4,NE,Huairou,52.0
8,4,51.0,2.0,38.0,1000.0,,23.2,1004.2,21.6,0.0,0.1,NW,Wanliu,51.0
4,12,85.0,31.0,29.0,1300.0,109.0,20.9,1010.2,8.8,0.0,2.2,SSE,Huairou,133.0
5,22,206.0,8.0,130.0,1800.0,24.0,21.7,993.0,17.9,0.0,0.9,N,Wanliu,202.0
11,11,194.0,3.0,67.0,2500.0,2.0,10.1,1021.0,8.9,0.7,0.6,SSW,Changping,194.0
9,4,16.0,2.0,,200.0,,20.6,997.8,13.8,0.0,0.6,W,Shunyi,8.0
2,2,553.0,,,4900.0,35.0,-5.0,1019.9,-7.4,0.0,0.9,E,Dongsi,555.0
2,16,77.0,29.0,47.0,1300.0,69.0,5.8,1017.5,-21.5,0.0,1.1,ESE,Dingling,77.0
9,17,126.0,24.0,77.0,1500.0,70.0,22.8,1006.7,19.8,0.0,1.7,W,Wanliu,78.0
6,21,13.0,2.0,13.0,700.0,77.0,25.9,1001.1,8.8,0.0,2.7,NNW,Guanyuan,13.0
12,16,60.0,31.0,71.0,1000.0,29.0,0.5,1029.2,-15.5,0.0,1.3,WSW,Nongzhanguan,41.0
7,13,78.0,19.0,13.0,1100.0,188.0,31.7,1003.6,16.0,0.0,3.0,SW,Huairou,68.0
11,9,329.0,29.0,87.0,4500.0,2.0,1.0,1017.0,-0.2,0.0,1.4,E,Dongsi,217.0
3,4,18.0,14.0,,400.0,42.0,6.0,1018.0,-11.6,0.0,1.0,NNW,Aotizhongxin,7.0
1,7,175.0,61.0,107.0,3000.0,2.0,-3.0,1026.8,-9.5,0.0,0.6,NNE,Aotizhongxin,157.0
1,9,114.0,44.0,81.0,3600.0,6.0,0.0,1016.0,-11.7,0.0,0.7,SSE,Gucheng,77.0
4,21,238.0,75.0,109.0,1700.0,6.0,13.8,1006.2,8.0,0.0,1.5,SSE,Wanliu,230.0
4,11,85.0,6.0,25.0,700.0,112.0,13.1,1008.4,0.5,0.0,3.0,S,Guanyuan,85.0
7,9,61.0,11.0,57.0,1100.0,16.0,25.4,997.6,23.8,0.0,1.6,NNE,Aotizhongxin,134.0
10,9,60.0,6.0,64.0,800.0,5.0,18.2,1018.2,4.4,0.0,0.6,NE,Nongzhanguan,28.0
2,17,39.0,2.0,15.0,200.0,80.0,6.3,1023.6,-20.2,0.0,7.0,NW,Guanyuan,14.0
10,7,55.0,2.0,39.0,600.0,2.0,9.7,1019.6,8.0,0.0,1.3,ESE,Shunyi,55.0
11,20,115.0,10.0,89.0,1000.0,31.0,8.0,1024.0,0.7,0.0,2.0,W,Nongzhanguan,92.0
1,9,59.0,20.0,67.0,1500.0,12.0,-4.6,1015.1,-14.5,0.0,1.4,E,Aotizhongxin,39.0
2,13,25.0,14.0,23.0,600.0,2.0,9.0,1010.8,-13.4,0.0,5.8,WNW,Huairou,25.0
10,16,232.0,62.5464,103.4712,,51.1938,15.3,1014.2,7.1,0.0,0.7,N,Dingling,217.0
12,20,17.0,6.0,33.0,400.0,51.0,0.6,1030.4,-17.2,0.0,1.1,NNE,Shunyi,12.0
5,8,204.0,16.0,32.0,1800.0,72.0,25.6,999.0,16.7,0.0,0.7,WNW,Huairou,171.0
3,5,324.0,3.0,34.0,3300.0,12.0,1.5,1007.6,-0.7,0.0,0.4,ENE,Huairou,324.0
9,11,60.0,9.0,35.0,2100.0,31.0,21.4,1011.7,19.9,0.0,1.7,ESE,Dingling,98.0
12,10,22.0,12.0,32.0,,30.0,0.5,1029.8,-16.4,0.0,2.5,ENE,Dongsi,15.0
5,4,304.0,24.0,85.0,2300.0,43.0,18.1,998.6,16.6,0.0,1.0,NNE,Guanyuan,225.0
11,5,30.0,9.0,41.0,2400.0,2.0,1.1,1025.2,0.8,0.3,1.1,E,Wanshouxigong,30.0
12,19,95.0,20.0,79.0,1300.0,6.0,0.0,1020.0,-17.3,0.0,0.9,ESE,Dongsi,45.0
9,16,27.0,2.0,16.0,300.0,83.0,27.9,998.3,13.8,0.0,1.8,NE,Wanshouxigong,11.0
7,16,10.0,2.0,21.0,500.0,58.0,21.9,994.7,21.2,16.4,4.1,ENE,Nongzhanguan,10.0
9,4,51.0,2.0,34.0,600.0,5.0,14.4,1008.1,13.4,0.0,0.1,NNW,Changping,51.0
5,10,28.0,2.0,33.0,700.0,78.0,28.1,999.5,9.9,0.0,1.6,ENE,Guanyuan,20.0
9,5,11.0,2.0,7.0,200.0,36.0,14.0,1011.6,3.4,0.0,1.3,NE,Dingling,11.0
6,0,22.0,2.0,22.0,700.0,55.0,18.1,1005.8,16.9,0.0,1.1,NE,Shunyi,22.0
10,8,37.0,2.0,51.0,700.0,2.0,9.1,1011.9,1.7,0.0,1.4,NE,Gucheng,25.0
12,18,30.0,6.0,2.0,400.0,39.0,-1.1,1031.1,-17.8,0.0,1.6,NW,Shunyi,14.0
4,9,104.0,28.0,72.0,1100.0,29.0,19.9,1003.7,-6.7,0.0,1.9,SE,Changping,52.0
2,17,357.0,110.0,152.0,5500.0,2.0,6.0,1009.0,-7.6,0.0,1.8,WSW,Aotizhongxin,277.0
5,15,117.0,43.0,36.0,1100.0,162.0,24.2,1003.2,5.5,0.0,2.2,S,Wanliu,95.0
10,15,132.0,2.0,76.0,1100.0,3.0,11.2,1007.7,3.9,0.0,1.1,ENE,Gucheng,72.0
4,6,117.0,6.0,21.0,600.0,65.0,18.1,997.7,10.9,0.0,0.7,NNE,Dingling,62.0
8,8,110.0,5.0,55.0,1100.0,23.0,29.7,1000.1,26.5,0.0,0.0,N,Tiantan,79.0
7,12,149.0,11.0,51.0,1800.0,83.0,29.8,1004.6,22.0,0.0,2.1,SE,Guanyuan,149.0
3,3,171.0,62.0,117.0,2300.0,7.0,1.8,1016.9,-8.1,0.0,0.1,ESE,Gucheng,123.0
7,20,121.0,2.0,40.0,600.0,187.0,32.2,996.3,17.3,0.0,2.1,SSW,Gucheng,34.0
8,1,24.0,2.0,36.0,500.0,74.0,21.7,1006.1,16.0,0.0,1.2,NE,Aotizhongxin,24.0
1,22,241.0,1.0,7.0,300.0,94.0,1.3,1017.9,-18.1,0.0,3.6,NNW,Gucheng,19.0
10,8,64.0,3.0,59.0,900.0,4.0,12.6,1006.3,4.3,0.0,0.8,ENE,Dongsi,18.0
11,10,164.0,31.0,72.0,1500.0,14.5656,15.0,1020.5,-2.5,0.0,2.1,SSW,Changping,78.0
4,1,146.0,7.0,94.0,900.0,7.0,14.8,1002.8,4.8,0.0,0.9,WSW,Wanshouxigong,104.0
9,6,30.0,1.0,38.0,300.0,33.0,17.7,1007.9,14.0,0.0,0.0,ESE,Changping,12.0
3,11,57.0,16.0,36.0,700.0,57.0,8.7,1013.4,-13.1,0.0,3.3,SE,Dingling,39.0
2,10,101.0,37.0,52.0,1700.0,24.0,5.3,1020.5,-10.9,0.0,1.2,WSW,Dongsi,93.0
3,19,33.0,2.0,29.0,300.0,75.0,10.7,1020.2,-8.6,0.0,0.9,N,Shunyi,15.0
11,0,22.0,6.0,22.0,1100.0,33.0,-4.3,1029.9,-16.8,0.0,2.2,NNW,Changping,21.0
4,8,205.0,14.0,64.0,800.0,26.0,17.7,1002.6,2.4,0.0,5.1,WNW,Nongzhanguan,22.0
10,12,295.0,34.0,92.0,2100.0,70.0,20.6,1011.0,11.0,0.0,1.4,ENE,Wanliu,295.0
2,8,9.0,8.0,5.0,200.0,64.0,-4.0,1022.0,-17.6,0.0,0.2,ENE,Dingling,9.0
10,22,344.0,8.0,96.0,3000.0,35.0,17.9,1012.0,14.4,0.0,1.6,E,Changping,344.0
3,14,154.0,79.0,77.0,1600.0,84.0,13.6,1010.3,-7.8,0.0,1.7,E,Shunyi,142.0
1,6,248.0,39.0,109.0,4500.0,5.0,-3.525,1017.25,-6.7,0.0,1.6,NE,Wanliu,248.0
10,19,281.0,5.0,64.0,1700.0,59.0,12.8,1002.5,9.8,0.0,0.6,NE,Dingling,281.0
6,0,122.0,4.0,77.0,700.0,14.0,27.0,1000.5,19.9,0.0,1.4,NE,Shunyi,46.0
6,4,115.0,7.0,85.0,1400.0,13.0,22.7,998.7,19.9,0.0,1.2,ENE,Aotizhongxin,115.0
7,0,109.0,2.0,39.0,800.0,114.0,27.2,996.9,21.5,0.0,1.4,SSW,Wanshouxigong,88.0
7,5,17.0,3.0,44.0,1200.0,2.0,25.2,993.5,18.2,0.0,4.4,NW,Tiantan,40.0
3,12,64.0,6.0,26.0,400.0,89.0,21.2,1011.3,-10.5,0.0,3.7,SSE,Gucheng,27.0
1,5,64.0,22.0,65.0,1900.0,8.0,-9.0,1021.5,-14.8,0.0,0.6,E,Wanshouxigong,64.0
4,6,200.0,4.0,36.0,1200.0,53.0,13.3,995.9,7.5,0.0,1.4,NNW,Dingling,112.0
10,20,39.0,3.0,50.0,500.0,50.0,18.5,1014.4,2.3,0.0,2.8,WSW,Tiantan,18.0
1,6,117.0,60.0,73.0,3000.0,3.0,-3.1,1017.8,-12.3,0.0,0.7,SSE,Dongsi,92.0
9,14,62.0,1.0,41.0,700.0,169.0,28.8,1010.3,12.2,0.0,2.4,SSW,Dongsi,55.0
7,10,187.0,2.0,69.0,1000.0,95.0,31.6,998.6,22.3,0.0,1.7,SSW,Aotizhongxin,187.0
12,14,253.0,40.0,115.0,3100.0,20.0,7.5,1018.1,-6.3,0.0,0.5,N,Wanshouxigong,253.0
7,3,156.0,20.0,43.0,1100.0,68.0,26.4,999.4,20.3,0.0,1.0,SW,Nongzhanguan,105.0
1,2,120.0,35.0,86.0,3100.0,2.0,-1.7,1025.0,-9.6,0.0,1.0,SE,Tiantan,95.0
3,21,109.0,14.0,37.0,600.0,89.0,9.8,1014.0,-8.3,0.0,1.6,SW,Gucheng,43.0
10,12,351.0,29.0,117.0,2100.0,31.0,20.6,1016.4,16.0,0.0,1.1,NNE,Aotizhongxin,351.0
10,15,168.0,22.0,30.0,1500.0,239.0,23.0,1007.1,11.4,0.0,1.9,E,Dingling,143.0
8,16,142.0,3.0,62.0,1100.0,42.0,25.4,1001.2,22.1,0.0,0.7,SW,Gucheng,81.0
6,22,167.0,15.0,48.0,1600.0,110.0,22.8,1000.4,16.3,0.7,1.6,NNW,Tiantan,66.0
6,22,212.0,11.0,62.0,1200.0,159.0,30.4,999.0,20.3,0.0,2.2,S,Guanyuan,94.0
3,7,124.0,4.0,74.0,2000.0,2.0,-1.4,1021.0,-6.2,0.0,1.2,NE,Tiantan,89.0
3,11,270.0,93.0,88.0,2399.0,107.0,11.9,998.8,1.8,0.0,1.9,SW,Changping,269.0
6,17,59.0,6.0,24.0,100.0,222.0,29.7,996.9,16.1,0.0,3.8,SSW,Shunyi,27.0
3,16,263.0,97.0,98.0,4900.0,3.0,2.7,1010.8,-4.8,0.0,1.2,SE,Dingling,257.0
9,20,111.0,2.0,60.0,1200.0,127.0,23.65,1006.75,16.7,0.0,0.9,SE,Wanliu,110.0
6,3,26.0,2.0,7.0,500.0,102.0,18.1,989.2,17.3,0.0,1.2,NW,Dingling,26.0
3,22,138.0,25.0,59.0,1200.0,54.0,7.5,1017.8,-5.9,0.0,1.2,W,Dongsi,104.0
6,7,90.0,2.0,53.0,9000.0,9.0,20.6,1005.4,11.8,0.0,0.7,ESE,Wanshouxigong,24.0
3,16,30.0,2.0,8.0,200.0,92.0,13.9,1024.7,-16.2,0.0,1.4,S,Shunyi,30.0
6,0,51.0,10.0,72.0,800.0,72.0,22.3,1002.1,15.9,0.0,1.5,WSW,Aotizhongxin,51.0
9,17,20.0,2.0,55.0,800.0,55.0,17.9,1007.4,15.9,0.0,2.1,NW,Tiantan,18.0
2,19,111.0,24.0,75.0,1500.0,26.0,1.2,1020.4,-16.7,0.0,1.2,NNW,Gucheng,77.0
10,7,50.0,2.0,13.0,900.0,5.0,4.7,1006.0,4.1,0.0,1.1,NE,Dingling,48.0
6,2,48.0,10.0,28.0,700.0,82.0,22.3,996.4,15.2,0.0,0.4,WSW,Changping,44.0
12,17,45.0,16.0,37.0,500.0,32.0,-1.2,1028.2,-15.8,0.0,0.9,W,Wanshouxigong,13.0
1,11,59.0,16.0,16.0,700.0,56.0,0.8,1029.2,-15.5,0.0,5.3,SW,Dongsi,35.0
8,18,40.0,2.0,23.0,400.0,64.0,27.7,998.0,16.3,0.0,2.0,NNW,Gucheng,14.0
6,12,137.0,28.0,64.0,1800.0,89.0,26.4,1003.9,15.7,0.0,2.0,SSE,Nongzhanguan,102.0
12,11,19.0,2.0,23.0,300.0,47.0,-0.5,1020.0,-24.0,0.0,3.3,NW,Shunyi,11.0
1,13,20.0,6.0,9.0,600.0,73.0,-5.7,1022.8,-21.8,0.0,4.0,NNE,Wanshouxigong,17.0
1,3,200.0,35.0,116.0,3500.0,30.0,-3.6,1023.1,-7.7,0.0,1.5,ENE,Nongzhanguan,200.0
4,16,137.0,9.0,45.0,1200.0,157.0,20.2,1008.6,8.8,0.0,2.6,ESE,Dingling,120.0
3,17,248.0,65.0,79.0,1800.0,89.0,12.1,1011.0,-1.8,0.0,1.9,ENE,Guanyuan,162.0
7,16,24.0,0.8568,26.4837,,78.8256,23.3,996.7,22.1,1.2,0.6,NW,Wanshouxigong,24.0
1,21,148.0,39.0,106.0,2100.0,3.0,-2.0,1022.6,-14.8,0.0,2.0,WSW,Tiantan,133.0
2,22,120.0,40.0,89.0,1500.0,16.0,0.9,1023.6,-7.9,0.0,3.2,SSW,Guanyuan,98.0
3,0,35.0,4.0,11.0,300.0,63.0,0.5,1028.6,-19.9,0.0,3.0,NNE,Aotizhongxin,35.0
12,10,279.0,35.0,108.0,3700.0,2.0,3.9,1022.9,-4.8,0.0,1.6,ESE,Tiantan,158.0
5,2,38.0,3.0,11.0,300.0,59.0,9.5,1012.6,-5.2,0.0,1.3,N,Wanliu,38.0
2,2,39.0,2.0,2.0,100.0,51.0,-1.4,1012.6,-14.9,0.0,1.9,NE,Huairou,4.0
10,7,125.0,7.0,2.0,1100.0,54.0,15.7,1013.3,8.2,0.0,2.6,ESE,Dingling,125.0
3,7,176.0,13.0,115.0,2400.0,2.0,3.5,1011.6,-5.4,0.0,0.7,SE,Wanliu,93.0
7,6,78.0,10.8528,70.0073,700.0,2.0,24.1,992.7,22.7,0.0,1.2,NE,Wanliu,72.0
2,13,35.0,19.0,39.0,700.0,62.0,9.0,1020.0,-14.8,0.0,2.8,WNW,Shunyi,35.0
3,3,25.0,9.0,43.0,800.0,29.0,8.3,1012.5,-11.1,0.0,1.2,NNW,Changping,11.0
7,21,53.0,2.0,16.0,300.0,54.0,23.0,993.9,17.0,0.0,0.5,WNW,Huairou,14.0
10,0,84.0,2.0,39.0,1200.0,2.0,10.3,1022.5,9.1,0.0,0.6,N,Shunyi,84.0
4,2,227.0,7.0,109.0,1600.0,2.0,13.7,1009.3,5.1,0.0,0.0,,Gucheng,78.0
4,18,138.0,31.0,72.0,900.0,86.0,14.0,1004.4,-1.6,0.0,1.4,ESE,Wanliu,68.0
7,3,120.0,8.0,12.0,1100.0,80.0,24.9,996.0,21.6,0.0,1.9,E,Changping,117.0
7,13,53.0,4.0,46.0,600.0,39.0,29.3,1000.5,15.1,0.0,2.7,WNW,Wanshouxigong,18.0
8,17,150.0,14.0,17.0,1200.0,253.0,31.9,1000.8,20.8,0.0,2.9,WSW,Tiantan,127.0
10,7,12.0,2.0,20.0,400.0,16.0,12.5,1013.9,4.9,0.0,3.6,N,Huairou,12.0
4,0,70.0,9.0,82.0,700.0,21.0,9.9,1013.0,5.9,0.0,1.6,NNE,Guanyuan,68.0
1,16,194.0,84.0,112.0,2900.0,7.0,4.0,1017.0,-13.4,0.0,3.0,E,Dingling,166.0
4,13,46.0,,12.0,400.0,82.0,19.8,1005.5,-2.0,0.0,5.3,NNW,Guanyuan,16.0
10,0,20.0,2.0,9.0,200.0,60.0,4.6,1030.8,-17.1,0.0,4.2,NNW,Dongsi,6.0
11,22,25.0,8.0,38.0,500.0,28.0,-2.2,1035.2,-17.5,0.0,2.2,NNW,Nongzhanguan,17.0
3,11,119.0,81.0,61.0,2399.0,52.0,9.2,1015.3,-6.3,0.0,1.1,ENE,Gucheng,38.0
1,8,47.0,19.0,78.0,2400.0,4.0,-5.975,1023.0,-11.0,0.0,0.3,,Nongzhanguan,47.0
11,12,132.0,30.0,106.0,2800.0,7.0,3.3,1019.8,-10.0,0.0,0.7,WSW,Wanliu,111.0
10,7,89.0,3.0,36.0,700.0,8.0,7.1,1016.3,2.4,0.0,1.1,NNW,Dingling,89.0
2,23,333.0,49.0,,3400.0,28.0,-4.0,1025.6,-5.3,0.0,1.1,ENE,Dongsi,323.0
12,16,15.0,10.8528,28.9473,,42.84,8.5,1017.1,-12.1,0.0,1.0,SW,Wanliu,13.0
12,19,39.0,10.0,49.0,600.0,31.0,3.6,1014.0,-10.8,0.0,4.2,SW,Changping,23.0
4,15,152.0,60.0,104.0871,1800.0,127.0,18.4,994.5,2.6,0.0,3.1,SE,Guanyuan,86.0
3,3,230.0,33.0,43.0,2300.0,81.0,16.2,1006.0,8.2,0.0,1.7,SE,Shunyi,167.0
2,17,84.0,69.0,55.0,1400.0,38.0,0.0,1023.2,-12.0,0.0,0.5,SSW,Aotizhongxin,90.0
1,1,45.0,44.0,72.0,900.0,,-1.0,1019.0,-16.0,0.0,0.2,NNW,Nongzhanguan,33.0
3,16,184.0,30.0,42.0,1000.0,127.0,18.6,1014.8,-2.4,0.0,4.1,SSW,Dongsi,122.0
3,15,147.0,25.0,29.0,800.0,161.0,19.9,1022.1,-5.9,0.0,4.5,SSW,Wanshouxigong,75.0
6,16,115.0,11.0,18.0,1300.0,210.0,31.3,998.3,21.5,0.0,2.2,SW,Wanliu,115.0
7,8,157.0,2.0,26.0,1400.0,57.0,28.1,993.9,22.6,0.0,0.8,E,Huairou,157.0
9,3,46.0,4.0,38.0,900.0,2.0,14.8,1013.7,10.6,0.0,1.7,N,Shunyi,23.0
3,0,67.0,9.0,35.0,800.0,46.0,8.1,1016.8,-8.5,0.0,2.5,SW,Dongsi,33.0
10,7,93.0,7.0,57.0,1200.0,4.0,14.9,1020.4,8.8,0.0,2.4,N,Dongsi,72.0
1,10,15.0,18.0,13.0,300.0,66.0,6.2,1010.9,-21.2,0.0,1.2,SSE,Changping,8.0
4,2,228.0,20.0,104.0,2100.0,2.0,7.9,1007.1,7.1,0.0,0.8,NE,Wanliu,208.0
10,6,35.0,13.0,29.0,500.0,51.0,13.8,1010.4,9.6,0.0,0.6,NNW,Huairou,22.0
11,16,110.0,39.0,83.0,1600.0,2.5704,6.9,1018.3,-4.2,0.0,0.9,WSW,Wanshouxigong,67.0
3,19,179.0,29.0,43.0,1000.0,100.0,16.0,1025.0,0.1,0.0,2.1,SW,Dongsi,97.0
10,10,32.0,7.0,27.0,600.0,24.0,11.125,1021.0,0.4,0.0,2.6,NE,Guanyuan,19.0
6,0,161.0,6.0,41.0,1400.0,189.0,27.1,997.3,20.7,0.0,1.1,W,Wanliu,152.0
3,2,114.0,4.0,15.0,300.0,43.0,-2.6,1020.4,-8.3,0.0,1.0,WNW,Tiantan,29.0
3,1,226.0,33.0,98.0,2300.0,4.0,3.6,1009.9,-5.9,0.0,1.7,E,Changping,134.0
3,11,313.0,68.0,138.0,2200.0,38.0,20.0,1005.5,10.1,0.0,1.3,ESE,Guanyuan,291.0
4,3,178.0,10.0,106.0,1400.0,2.0,8.8,1013.5,6.1,0.0,1.2,E,Dongsi,106.0
8,1,69.0,4.0,15.0,600.0,87.0,23.8,1002.0,16.6,0.0,0.9,NNW,Dingling,40.0
3,17,38.0,2.0,2.0,200.0,84.0,5.0,1021.1,-24.2,0.0,4.9,WNW,Dingling,9.0
7,5,52.0,2.0,28.0,100.0,50.0,24.3,997.3,22.2,0.0,0.8,ENE,Wanliu,52.0
12,23,299.0,15.0,76.0,4800.0,2.0,-2.9,1018.2,-4.6,0.0,0.9,N,Dingling,299.0
2,22,225.0,38.0,131.0,3700.0,2.0,-1.6,1021.7,-5.3,0.0,0.6,NE,Gucheng,222.0
12,5,273.0,83.0,114.0,3800.0,1.0,-9.3,1024.6,-10.9,0.0,0.7,NNE,Aotizhongxin,200.0
4,21,144.0,6.0,50.0,700.0,86.0,20.9,1008.1,1.2,0.0,1.2,NE,Changping,64.0
2,11,63.0,27.0,54.0,1500.0,24.0,1.1,1028.1,-20.6,0.0,1.2,E,Wanshouxigong,57.0
10,15,10.0,3.0,21.0,400.0,69.0,24.4,1017.8,3.6,0.0,2.0,ENE,Nongzhanguan,3.0
3,22,6.0,3.0,21.0,300.0,72.0,3.9,1016.0,-14.9,0.0,2.8,NNE,Guanyuan,9.0
4,14,78.0,2.0,10.0,300.0,101.0,22.8,1007.7,-10.5,0.0,5.5,SW,Guanyuan,23.0
2,8,32.0,2.0,20.0,500.0,51.0,-2.1,1019.8,-18.2,0.0,2.7,WNW,Gucheng,7.0
11,9,164.0,13.0,90.0,3700.0,2.0,1.3,1020.8,-0.8,0.0,0.8,E,Wanshouxigong,132.0
6,14,14.0,2.0,7.0,400.0,162.0,27.4,1001.6,17.0,0.0,1.3,SSE,Nongzhanguan,14.0
11,18,101.0,9.0,77.0,800.0,22.0,4.8,1024.6,-6.4,0.0,1.4,SSW,Wanliu,65.0
1,7,742.0,129.0,81.0,3100.0,15.0,-2.8,1018.0,-11.1,0.0,1.8,NE,Wanshouxigong,654.0
6,14,23.0,2.0,8.0,200.0,109.0,28.9,998.8,7.5,0.0,0.5,W,Shunyi,3.0
7,15,32.0,1.9992,6.7749,,130.0,37.3,994.7,15.2,0.0,3.8,WNW,Dongsi,10.0
4,15,41.0,2.0,16.0,400.0,129.0,26.2,1005.0,-0.8,0.0,1.6,E,Tiantan,41.0
9,23,24.0,2.0,15.0,300.0,38.0,18.4,998.3,15.3,0.0,1.8,NNW,Dingling,24.0
4,5,112.0,8.0,40.0,700.0,45.0,16.9,1006.2,10.7,0.0,1.2,SSE,Wanshouxigong,67.0
12,8,133.0,40.0,82.0,3400.0,15.0,-4.0,1011.0,-11.7,0.0,2.5,NE,Shunyi,67.0
4,6,81.0,2.0,29.0,800.0,15.0,14.1,1006.0,11.3,0.0,0.6,N,Dingling,81.0
12,1,172.0,11.0,77.0,1400.0,2.0,-1.7,1027.2,-5.6,0.0,2.0,SW,Wanshouxigong,172.0
10,22,44.0,2.0,39.0,1000.0,28.0,14.9,1020.3,13.4,3.2,2.1,SE,Aotizhongxin,44.0
5,12,51.0,2.0,33.0,400.0,96.0,26.7,997.9,-5.1,0.0,3.8,S,Gucheng,24.0
10,11,226.0,75.0,102.65,,5.5692,14.6,1019.6,6.9,0.0,1.3,ENE,Wanliu,198.0
8,20,101.0,16.0,40.0,1500.0,231.0,27.9,1003.3,14.9,0.0,2.0,SSW,Nongzhanguan,66.0
11,13,145.0,17.0,54.0,1200.0,33.0,12.5,1011.8,-0.1,0.0,2.7,S,Gucheng,79.0
7,23,195.0,2.0,21.0,1100.0,155.0,26.5,995.9,23.0,0.0,0.7,N,Huairou,195.0
7,15,27.0,9.0,20.0,400.0,120.0,29.4,997.8,15.9,0.0,1.2,NNW,Dingling,15.0
3,10,499.0,84.0,62.0,1800.0,56.0,16.7,998.3,-4.6,0.0,7.7,NNW,Wanliu,149.0
8,19,32.0,6.0,41.0,500.0,80.0,28.7,997.7,15.6,0.0,0.8,NNW,Aotizhongxin,11.0
6,1,21.0,2.0,53.0,400.0,14.0,19.1,997.6,16.0,0.0,0.2,NE,Aotizhongxin,8.0
11,2,96.0,10.0,91.0,1600.0,2.142,7.9,1015.6,2.6,0.0,0.0,N,Gucheng,86.0
2,16,12.0,4.0,7.0,100.0,76.0,1.0,1020.9,-16.0,0.0,6.2,N,Wanliu,6.0
11,8,158.0,20.0,66.0,2500.0,3.0,3.2,1023.8,2.2,0.0,1.1,E,Nongzhanguan,158.0
10,13,163.0,14.0,34.0,800.0,128.0,24.7,1006.2,3.3,0.0,1.0,S,Huairou,79.0
12,22,50.0,15.0,50.0,1000.0,8.0,-3.4,1032.2,-9.2,0.0,3.1,ESE,Dongsi,50.0
2,9,205.0,72.0,78.0,3400.0,12.0,-0.3,1024.5,-13.9,0.0,1.2,NE,Dongsi,135.0
7,17,83.0,7.0,20.0,900.0,209.0,33.7,1001.3,22.5,0.0,2.2,SW,Nongzhanguan,83.0
1,5,13.0,32.0,39.0,500.0,30.0,-4.0,1023.0,-17.2,0.0,1.4,W,Changping,13.0
10,6,16.0,2.0,31.0,400.0,28.0,7.8,1013.2,-0.9,0.0,1.6,N,Changping,10.0
2,9,19.0,5.0,20.0,400.0,60.0,-1.9,1027.6,-19.8,0.0,3.2,NNW,Wanshouxigong,8.0
4,9,60.0,5.0,36.0,600.0,79.0,11.2,1008.4,0.6,0.0,2.6,SSW,Guanyuan,51.0
2,10,334.0,117.0,140.0,4900.0,1.0,1.1,1019.3,-5.6,0.0,2.0,NE,Wanliu,350.0
8,9,49.0,2.0,74.0,600.0,51.0,29.0,1008.5,11.5,0.0,0.9,ENE,Guanyuan,32.0
1,6,75.0,8.0,76.0,1700.0,10.0,1.5,1019.9,-12.0,0.0,1.9,NNE,Wanliu,75.0
1,2,280.0,30.0,93.0,4600.0,2.0,-5.2,1025.3,-7.5,0.0,0.5,NE,Dongsi,280.0
1,1,45.0,4.0,27.0,1200.0,15.0,-8.0,1029.0,-17.9,0.0,0.9,NNE,Huairou,45.0
5,16,141.0,69.0,76.0,2000.0,186.0,29.0,1001.3,12.0,0.0,1.8,S,Aotizhongxin,102.0
4,22,190.0,32.0,46.0,1300.0,185.0,24.5,1005.4,10.4,0.0,2.7,WSW,Wanliu,100.0
8,21,34.0,2.0,32.0,600.0,97.0,25.2,1004.7,17.1,0.0,0.9,SW,Dongsi,17.0
3,19,44.0,17.0,36.0,600.0,5.0,5.0,1011.7,-15.6,0.0,0.6,SE,Changping,25.0
11,12,67.0,2.0,69.0,1600.0,3.0,2.6,1017.3,1.7,0.9,2.9,NNE,Gucheng,67.0
10,4,72.0,3.0,47.0,800.0,2.0,7.3,1020.4,4.8,0.0,0.1,SW,Nongzhanguan,27.0
4,20,140.0,16.0,73.0,800.0,78.0,15.2,1005.2,6.7,0.0,0.4,W,Guanyuan,66.0
5,1,55.0,2.0,70.0,400.0,11.0,13.6,1005.2,3.1,0.0,1.0,NNE,Wanliu,14.0
12,4,400.0,6.0,110.0,,4.0,-3.8,1018.8,-7.1,0.0,1.0,NW,Changping,390.0
10,14,356.0,29.0,125.0,2300.0,27.0,21.3,1015.1,16.5,0.0,0.8,N,Wanliu,356.0
7,0,112.0,2.0,13.0,1000.0,145.0,23.1,1000.9,21.7,3.5,0.9,SE,Shunyi,112.0
5,18,196.0,10.0,21.0,700.0,204.0,28.2,996.2,15.5,0.0,2.1,SW,Gucheng,83.0
7,19,39.0,3.0,10.0,400.0,99.0,28.0,994.6,19.8,0.0,1.2,WNW,Dingling,20.0
9,10,204.0,15.0,74.0,2000.0,3.0,19.9,1013.5,14.3,0.0,0.8,E,Nongzhanguan,72.0
7,9,72.0,4.0,13.0,700.0,42.0,28.7,993.3,23.1,0.0,2.3,ESE,Huairou,58.0
10,3,122.0,3.0,78.0,1100.0,2.0,14.2,1016.2,13.1,0.0,1.1,SE,Wanshouxigong,122.0
3,8,275.0,23.0,136.0,2200.0,11.0,14.6,1004.8,7.4,0.0,1.1,ESE,Gucheng,223.0
1,12,45.0,8.0,42.0,700.0,44.0,1.7,1022.1,-19.5,0.0,4.5,NW,Changping,13.0
5,3,23.0,3.0,11.0,,,14.7,999.8,1.2,0.0,0.0,N,Dingling,7.0
2,22,28.0,2.0,19.0,200.0,69.0,-2.8,1028.3,-21.6,0.0,2.4,NNW,Dongsi,16.0
3,8,17.0,10.0,34.0,500.0,63.0,4.2,1020.7,-15.1,0.0,2.6,NNE,Wanliu,8.0
4,11,236.0,32.0,40.0,2400.0,108.0,16.2,1011.2,8.2,0.0,2.3,SW,Huairou,236.0
8,19,49.0,6.0,62.0,400.0,90.0,27.1,1007.2,13.1,0.0,0.8,SSW,Shunyi,16.0
8,12,59.0,6.0,24.0,600.0,134.0,28.7,1003.7,16.3,0.0,1.7,SSE,Shunyi,37.0
6,9,43.0,2.0,42.0,500.0,59.0,26.6,998.1,19.5,0.0,0.8,ENE,Aotizhongxin,43.0
5,19,141.0,15.0,38.0,1100.0,72.0,23.8,1001.6,8.6,0.0,0.7,NNE,Huairou,38.0
6,17,138.0,6.0,22.0,800.0,194.0,29.1,1000.6,20.8,0.0,1.2,SE,Wanshouxigong,138.0
6,11,78.0,2.0,47.0,600.0,135.0,29.2,997.8,15.3,0.0,2.3,S,Gucheng,40.0
3,2,94.0,18.0,29.0,700.0,49.0,3.1,1014.2,-0.2,0.0,2.0,ESE,Huairou,84.0
9,15,13.0,7.0,24.0,500.0,162.0,28.2,1011.4,10.4,0.0,1.7,E,Tiantan,11.0
5,3,90.0,2.0,84.0,900.0,6.0,14.8,1005.4,12.3,0.0,1.0,NE,Wanliu,86.0
2,0,202.0,83.0,117.0,4400.0,9.0,-6.0,1024.0,-16.0,0.0,0.6,WSW,Wanshouxigong,194.0
9,19,119.0,29.0,,1500.0,184.0,22.4,1008.7,17.3,0.0,0.7,S,Wanshouxigong,72.0
10,16,102.0,75.0,79.0,3300.0,2.0,12.4,1015.8,-0.2,0.0,1.2,SW,Huairou,79.0
7,4,111.0,5.0,75.0,500.0,2.0,22.0,994.4,21.3,0.0,1.1,NE,Aotizhongxin,69.0
2,23,65.0,3.0,11.0,300.0,84.0,-5.0,1030.0,-27.0,0.0,4.3,N,Nongzhanguan,8.0
3,12,233.0,129.0,118.0,3300.0,13.0,8.7,1015.5,-3.5,0.0,1.7,S,Wanliu,186.0
11,10,92.0,5.0,82.0,1200.0,4.0,13.4,1018.3,-1.0,0.0,1.0,ENE,Tiantan,59.0
5,14,112.0,43.0,38.0,900.0,152.0,24.1,1004.1,4.9,0.0,1.8,SW,Wanliu,89.0
3,23,110.0,9.0,87.0,600.0,29.0,13.3,1010.9,3.6,0.0,0.5,NE,Shunyi,54.0
7,8,26.0,15.0,14.0,600.0,50.0,31.5,992.6,19.2,0.0,1.4,WSW,Dingling,12.0
12,2,116.0,55.0,68.0,,6.0,-2.3,1021.4,-11.8,0.0,0.4,NNW,Dongsi,88.0
12,21,77.0,20.0,67.0,2100.0,5.0,-6.1,1033.8,-12.2,0.0,1.3,ENE,Guanyuan,77.0
12,15,14.0,2.0,2.0,200.0,71.0,3.6,1018.0,-17.3,0.0,4.0,NNW,Dingling,6.0
1,9,22.0,7.0,35.0,600.0,29.0,-6.0,1026.0,-17.7,0.0,2.2,NE,Wanshouxigong,9.0
8,5,37.0,6.0,7.0,800.0,73.0,22.4,1002.4,16.4,0.0,1.3,S,Dingling,24.0
9,7,43.0,2.0,80.0,600.0,4.0,18.8,1003.6,18.0,0.0,1.4,E,Nongzhanguan,33.0
12,8,24.0,30.0,60.0,500.0,21.0,-1.0,1027.0,-13.9,0.0,1.8,E,Nongzhanguan,12.0
3,1,8.0,4.0,25.0,400.0,51.0,-1.4,1033.2,-28.2,0.0,1.4,NW,Nongzhanguan,8.0
4,7,141.0,9.0,68.0,1000.0,2.0,11.9,1004.9,0.9,0.0,1.0,NE,Wanshouxigong,59.0
8,8,58.0,2.0,25.0,1000.0,59.0,22.3,1010.4,19.7,0.0,1.4,NE,Shunyi,58.0
8,8,134.0,2.0,55.0,1200.0,13.0,25.1,1004.8,23.2,0.0,0.9,NNE,Gucheng,121.0
4,14,157.0,14.0,28.0,1400.0,192.0,25.8,1007.4,13.6,0.0,2.9,S,Wanshouxigong,108.0
10,23,252.0,2.0,40.0,1800.0,50.0,10.8,1002.9,8.7,0.0,1.2,NW,Changping,252.0
8,8,26.0,6.0,27.0,500.0,49.0,27.1,998.2,14.8,0.0,0.8,NE,Gucheng,8.0
3,7,89.0,23.0,63.0,1300.0,2.0,-1.7,1016.0,-14.2,0.0,1.2,N,Dingling,74.0
6,17,13.0,3.0,4.0,300.0,55.0,17.8,1003.4,15.8,0.1,0.4,NNW,Dingling,3.0
8,9,177.0,15.0,52.0,1000.0,56.0,29.0,1004.7,19.3,0.0,0.9,ENE,Wanliu,71.0
1,15,43.0,10.0,12.0,300.0,63.0,7.8,1018.0,-13.2,0.0,2.3,E,Nongzhanguan,13.0
6,18,78.0,6.0,25.0,1200.0,188.0,23.0,1003.9,13.2,0.0,7.0,NW,Nongzhanguan,66.0
7,10,65.0,18.0,17.0,900.0,109.0,28.3,1005.5,15.2,0.0,1.5,SSW,Huairou,65.0
10,6,41.0,2.0,60.0,600.0,2.0,9.46,1015.0,3.1,0.0,1.7,SW,Gucheng,26.0
6,22,110.0,6.0,111.0,700.0,66.0,24.0,1004.0,8.0,0.0,1.3,SSE,Shunyi,52.0
6,16,15.0,8.0,13.0,300.0,133.0,27.9,1000.2,13.4,0.0,2.4,SE,Aotizhongxin,8.0
12,21,94.0,12.0,93.0,1600.0,2.0,-0.2,1026.7,-10.4,0.0,1.3,WSW,Aotizhongxin,81.0
6,17,134.0,2.0,23.0,1200.0,239.0,34.4,994.6,21.1,0.0,2.6,SSW,Dongsi,134.0
3,5,187.0,47.0,70.0,2200.0,14.0,5.9,1001.5,-3.0,0.0,1.0,N,Changping,41.0
6,16,70.0,8.0,53.0,1000.0,76.0,25.6,1000.5,17.5,0.0,0.7,SSW,Dongsi,69.0
10,12,160.0,19.0,98.0,1300.0,18.0,19.2,1015.0,8.5,0.0,0.7,NNW,Nongzhanguan,98.0
2,11,7.0,4.0,15.0,200.0,84.0,3.3,1030.2,-21.7,0.0,2.8,ENE,Aotizhongxin,7.0
2,23,84.0,36.0,89.0,2000.0,3.0,-3.9,1024.3,-16.8,0.0,0.9,WNW,Wanshouxigong,84.0
9,8,54.0,2.0,31.0,600.0,2.0,16.9,1006.1,13.4,0.0,0.8,NNE,Huairou,29.0
1,16,61.0,13.0,43.0,600.0,45.0,3.7,1009.2,-19.9,0.0,3.6,WNW,Changping,16.0
6,20,59.0,2.0,26.0,400.0,193.0,28.9,1001.6,13.2,0.0,1.8,S,Guanyuan,43.0
9,20,186.0,2.0,103.0,1300.0,76.0,17.8,1004.5,10.7,0.0,2.1,N,Changping,122.0
9,1,14.0,1.0,38.0,100.0,44.0,12.4,1014.1,0.5,0.0,0.7,SW,Changping,3.0
4,4,56.0,3.0,78.0,600.0,,7.6,1003.4,3.4,0.0,0.8,NE,Wanliu,55.0
6,10,50.0,9.0,41.0,2299.0,2.0,18.9,1005.5,18.4,0.1,1.5,NE,Wanliu,100.0
4,1,104.0,10.0,43.0,600.0,100.0,17.5,1006.6,11.5,0.0,2.0,S,Guanyuan,85.0
1,16,39.0,2.0,16.0,300.0,68.0,-10.1,1038.8,-31.2,0.0,4.5,NW,Nongzhanguan,7.0
9,11,56.0,11.0,46.0,600.0,10.0,13.9,1021.5,1.2,0.0,2.4,W,Aotizhongxin,19.0
10,19,184.0,23.7048,131.0,1100.0,15.0,12.6,1009.6,9.8,0.0,0.6,NE,Aotizhongxin,84.0
5,17,72.0,30.0,23.0,500.0,147.0,23.0,997.2,14.8,0.0,3.0,SW,Aotizhongxin,66.0
1,11,53.0,60.0,87.0,1900.0,4.0,2.9,1025.1,-15.2,0.0,0.6,E,Wanshouxigong,62.0
10,19,134.0,2.0,102.0,1200.0,4.0,14.5,1005.6,8.0,0.0,1.2,NNE,Changping,60.0
3,23,331.0,16.0,121.0,1200.0,6.0,5.3,1010.8,-6.0,0.0,0.0,NE,Aotizhongxin,97.0
1,20,139.0,38.0,98.0,1800.0,8.0,2.0,1021.0,-14.6,0.0,2.0,WSW,Dongsi,119.0
6,9,70.0,6.0,17.0,400.0,79.0,25.0,1005.9,8.0,0.0,1.7,SSE,Huairou,26.0
11,0,23.0,5.0,14.0,300.0,43.0,-3.7,1019.8,-25.9,0.0,3.5,WNW,Changping,13.0
7,7,58.0,2.0,22.0,700.0,11.0,21.4,997.1,18.0,0.0,0.9,SSE,Huairou,42.0
6,7,174.0,2.0,48.0,1300.0,50.0,24.9,998.5,22.2,0.0,1.2,NE,Tiantan,174.0
1,6,37.0,18.0,69.0,1100.0,19.0,-5.425,1021.0,-20.1,0.0,1.6,NW,Gucheng,12.0
8,22,67.0,6.0,51.0,500.0,47.0,24.8,1000.6,22.9,0.0,0.1,WSW,Wanliu,31.0
9,20,59.0,4.0,29.0,600.0,159.0,28.0,1003.5,16.3,0.0,1.6,SSW,Nongzhanguan,26.0
4,19,163.0,47.0,48.0,1200.0,44.0,13.4,1005.8,7.4,0.0,0.8,S,Wanshouxigong,157.0
9,8,57.0,2.0,29.0,600.0,2.0,14.2,1011.8,13.2,1.0,1.1,W,Huairou,29.0
5,19,21.0,7.0,16.0,300.0,159.0,26.9,994.9,4.6,0.0,4.7,SW,Tiantan,21.0
5,1,69.0,2.0,14.0,200.0,74.0,21.9,995.3,8.4,0.0,3.1,N,Changping,69.0
1,18,137.0,45.0,80.0,2300.0,12.0,-3.0,1019.0,-9.9,0.0,1.2,SE,Nongzhanguan,132.0
3,14,36.0,3.0,10.0,400.0,116.0,18.2,1019.3,-15.3,0.0,3.5,S,Gucheng,24.0
12,23,193.0,56.0,112.0,3500.0,5.0,0.6,1023.6,-5.9,0.0,0.6,NE,Wanliu,180.0
9,23,139.0,6.0,117.0,1700.0,48.0,18.4,1013.6,17.2,0.0,0.6,NNE,Dongsi,107.0
10,4,42.0,2.0,45.0,1500.0,,12.7,1017.7,11.6,0.5,1.9,SE,Aotizhongxin,42.0
6,0,82.0,3.0,16.0,1100.0,148.0,25.6,997.3,16.4,0.0,1.4,NNW,Dingling,47.0
12,15,70.0,51.0,92.0,1500.0,26.0,1.1,1025.4,-13.8,0.0,0.6,S,Gucheng,62.0
2,7,25.0,32.0,98.0,1400.0,7.0,-5.0,1028.8,-8.4,0.0,0.9,W,Wanliu,49.0
3,0,92.0,29.0,84.0,1600.0,3.0,-0.3,1024.8,-13.9,0.0,0.7,ESE,Shunyi,92.0
4,2,108.0,41.0,32.0,1500.0,69.0,9.5,998.2,-0.7,0.0,1.6,SW,Dongsi,55.0
3,22,334.0,23.0,53.0,3300.0,43.0,5.3,1005.7,0.3,0.0,1.2,SE,Huairou,334.0
9,22,92.0,2.0,17.0,600.0,127.0,20.7,1002.8,13.2,0.0,1.3,NW,Dingling,47.0
4,15,190.0,81.0,94.0,2399.0,21.0,6.8,1007.1,3.9,0.0,2.0,NNE,Aotizhongxin,85.0
6,7,122.0,8.0,68.0,3100.0,2.0,19.5,1004.2,18.7,0.0,1.0,E,Dongsi,112.0
3,11,33.0,2.0,20.0,400.0,79.0,14.8,1021.9,-9.3,0.0,3.4,N,Tiantan,8.0
11,9,16.0,21.0,35.0,800.0,22.2768,6.7,1020.0,-12.0,0.0,2.0,N,Gucheng,14.0
4,9,178.0,35.0,100.0,2100.0,13.0,13.7,1005.9,1.0,0.0,1.2,NE,Wanliu,84.0
1,7,92.0,8.0,78.0,2700.0,2.0,-9.4,1023.8,-18.4,0.0,0.5,E,Tiantan,92.0
8,18,19.0,2.0,13.0,400.0,95.0,26.9,997.6,19.3,0.0,1.0,SW,Huairou,14.0
10,18,49.0,1.0,26.0,500.0,39.0,16.5,1019.0,10.1,0.0,0.8,N,Shunyi,22.0
11,19,244.0,31.0,105.0,1800.0,24.0,9.1,1006.0,1.7,0.0,0.6,ESE,Gucheng,163.0
9,10,135.0,8.0,48.0,1000.0,22.0,24.8,1012.1,14.9,0.0,1.1,SSW,Shunyi,102.0
8,0,92.0,5.0,38.0,700.0,77.0,27.2,997.7,22.6,0.0,1.7,WSW,Tiantan,72.0
4,16,106.0,3.0,22.0,200.0,103.0,23.6,1005.1,-9.8,0.0,5.1,SW,Dongsi,22.0
3,7,46.0,3.0,40.0,500.0,28.0,12.6,1008.1,3.0,0.0,1.4,SE,Huairou,26.0
10,13,149.0,7.0,58.0,1300.0,91.0,20.7,1013.2,12.4,0.0,1.0,SW,Wanliu,149.0
6,11,70.0,3.0,38.0,800.0,84.0,27.3,1000.8,21.6,0.0,2.1,ESE,Wanshouxigong,36.0
4,4,107.0,62.0,,1800.0,11.0,10.0,1005.6,1.9,0.0,0.0,N,Tiantan,67.0
4,23,270.0,30.0,180.0,1600.0,2.0,13.8,1011.7,10.0,0.0,0.4,ENE,Wanliu,207.0
4,13,60.0,10.0,27.0,600.0,132.0,23.3,1004.7,11.0,0.0,0.7,NE,Gucheng,43.0
7,13,12.0,,14.1657,,201.9906,31.7,995.4,21.2,0.0,2.1,ESE,Shunyi,35.0
9,18,117.0,1.0,54.0,1400.0,1.0,19.5,996.1,19.5,0.2,1.0,NW,Huairou,92.0
12,5,11.0,4.0,3.0,200.0,48.0,-2.7,1020.8,-16.4,0.0,3.9,WNW,Dingling,6.0
10,9,284.0,5.0,99.0,2400.0,2.0,13.9,1008.4,11.4,0.0,1.6,NNE,Nongzhanguan,247.0
11,6,81.0,9.0,64.0,1700.0,2.0,6.0,1015.0,5.0,0.0,0.5,NNE,Dongsi,81.0
9,17,22.0,2.0,12.0,300.0,102.0,29.3,1011.4,11.8,0.0,0.8,NNE,Shunyi,22.0
7,12,100.0,5.0,22.0,800.0,171.0,34.6,998.3,19.8,0.0,2.8,S,Dongsi,100.0
7,18,14.0,3.0,13.0,400.0,111.0,30.4,993.8,18.8,0.0,0.1,S,Changping,15.0
1,20,44.0,34.0,58.0,900.0,8.0,,,,,,,Changping,35.0
7,21,42.0,2.0,74.0,600.0,4.0,23.2,999.2,18.5,0.0,1.1,NNW,Changping,28.0
10,12,102.0,8.0,53.0,700.0,14.0,17.1,1011.6,7.2,0.0,0.9,NNW,Dongsi,50.0
11,21,306.0,46.0,123.0,2600.0,2.0,2.0,1012.0,0.8,0.0,1.3,E,Nongzhanguan,277.0
1,0,17.0,2.0,10.0,400.0,59.0,-10.9,1026.6,-24.4,0.0,0.7,NNE,Shunyi,12.0
6,23,14.0,2.0,38.0,300.0,62.0,20.0,1003.9,7.7,0.0,2.8,NW,Aotizhongxin,14.0
12,15,117.0,75.0,104.0,2500.0,5.0,2.8,1029.0,-9.5,0.0,0.8,NNE,Guanyuan,105.0
4,5,70.0,13.0,75.0,400.0,2.0,8.9,1010.1,-3.0,0.0,0.2,,Shunyi,34.0
6,11,36.0,2.0,25.0,500.0,129.0,23.4,1004.8,12.1,0.0,0.8,NNW,Gucheng,21.0
2,1,185.0,40.0,118.0,3900.0,3.0,-1.0,1007.0,-8.9,0.0,0.6,W,Gucheng,185.0
10,8,58.0,6.0,60.0,600.0,12.0,9.9,1020.9,-1.5,0.0,1.0,NE,Dongsi,35.0
7,21,61.0,2.0,45.0,1200.0,51.0,26.2,1000.2,23.5,0.0,0.6,WNW,Changping,50.0
1,20,41.0,4.0,26.0,600.0,53.0,-2.7,1024.5,-18.7,0.0,1.8,NNW,Changping,7.0
9,3,173.0,2.0,30.0,1000.0,48.0,18.8,1003.0,18.2,0.0,1.2,NW,Huairou,173.0
11,14,344.0,13.0,115.0,3900.0,2.0,7.3,1008.7,3.9,0.0,1.5,ESE,Aotizhongxin,229.0
4,8,80.0,2.0,89.0,2500.0,7.0,11.2,1006.0,8.8,1.2,0.8,NNW,Gucheng,60.0
2,18,95.0,17.0,43.0,900.0,62.0,6.6,1015.8,-14.8,0.0,2.0,SW,Aotizhongxin,57.0
2,20,326.0,91.0,113.0,3900.0,3.0,3.8,1027.1,-1.2,0.0,4.0,SE,Nongzhanguan,227.0
5,11,43.0,2.0,10.0,400.0,87.0,19.0,1012.4,-9.1,0.0,2.9,N,Aotizhongxin,43.0
1,5,20.0,27.0,19.0,500.0,28.0,-4.3,1028.7,-18.2,0.0,1.1,NNE,Aotizhongxin,14.0
6,23,41.0,14.28,84.173,1600.0,2.0,20.2,1001.8,19.4,0.0,0.1,WNW,Wanliu,55.0
5,0,73.0,10.0,25.0,1400.0,69.0,10.9,1012.0,8.3,2.0,1.7,NE,Shunyi,37.0
2,18,56.0,3.0,18.0,400.0,62.0,8.5,1005.2,-20.4,0.0,5.6,N,Gucheng,11.0
1,8,157.0,10.0,85.0,3800.0,2.0,-5.1,1015.4,-8.8,0.0,1.0,NNW,Gucheng,157.0
9,6,79.0,2.0,71.0,800.0,4.0,18.9,1011.1,17.9,0.0,0.7,ENE,Nongzhanguan,79.0
11,0,341.0,196.0,123.0,,14.0,0.6,1017.6,-2.8,0.0,1.0,E,Dongsi,378.0
11,16,240.0,44.0,92.0,1600.0,7.0,6.6,1018.2,0.3,0.0,1.4,NW,Gucheng,210.0
10,2,179.0,12.0,107.0,1400.0,2.0,10.8,1016.2,8.9,0.0,0.0,SW,Wanshouxigong,145.0
12,11,19.0,10.0,32.0,600.0,42.0,-1.0,1023.0,-21.2,0.0,2.1,W,Nongzhanguan,10.0
5,3,21.0,3.0,8.0,,,9.2,999.8,2.3,0.0,0.4,WSW,Shunyi,22.0
1,11,250.0,84.0,111.0,4100.0,10.0,-1.0,1020.0,-12.0,0.0,1.8,ENE,Nongzhanguan,204.0
12,12,197.0,35.0,88.0,2600.0,10.0,3.6,1023.9,-3.7,0.0,1.6,NE,Dingling,197.0
4,1,71.0,9.0,35.0,600.0,60.0,13.4,1011.3,-0.3,0.0,3.0,WSW,Wanshouxigong,50.0
11,23,187.0,18.0,129.0,2800.0,2.0,5.9,1017.0,3.7,0.0,0.7,E,Guanyuan,170.0
9,18,195.0,5.0,40.0,1200.0,,25.55,1005.0,18.4,0.0,1.7,SE,Shunyi,183.0
6,7,65.0,,39.0,800.0,114.0,23.0,1003.4,15.1,0.0,3.1,NNE,Tiantan,54.0
4,0,153.0,18.0,32.0,900.0,63.0,10.3,1011.6,-11.1,0.0,1.8,SSW,Tiantan,44.0
12,1,71.0,7.0,48.0,1700.0,12.0,-5.6,1007.0,-13.9,0.0,1.5,NW,Huairou,68.0
8,14,143.0,6.0,29.0,1200.0,335.0,34.3,996.7,22.7,0.0,1.8,WSW,Wanliu,120.0
4,21,36.0,2.0,,300.0,51.0,8.6,1019.3,-11.4,0.0,4.6,NE,Wanliu,24.0
8,15,36.0,10.0,24.0,800.0,203.0,30.6,998.3,13.8,0.0,1.2,ESE,Aotizhongxin,36.0
3,3,15.0,2.0,17.0,200.0,78.0,8.6,1020.8,-12.0,0.0,2.3,N,Changping,6.0
11,14,171.0,4.0,16.0,400.0,53.0,6.2,1012.2,-20.3,0.0,7.0,NNW,Guanyuan,15.0
6,21,123.0,2.0,19.0,1000.0,75.0,22.8,991.2,19.6,0.0,1.6,WNW,Huairou,123.0
9,0,12.0,2.0,8.0,200.0,15.0,9.025,1014.0,6.3,0.0,0.7,NW,Huairou,12.0
11,16,55.0,25.0,72.6762,,28.2744,8.4,1011.2,-10.0,0.0,1.7,WSW,Wanliu,56.0
7,21,132.0,2.0,35.0,1100.0,44.0,27.4,999.5,24.7,0.0,1.1,NE,Wanliu,132.0
4,10,353.0,2.0,8.0,300.0,79.0,18.1,1001.7,-3.4,0.0,7.6,WNW,Gucheng,44.0
8,12,63.0,2.0,51.0,600.0,120.0,29.8,998.8,14.0,0.0,1.1,SE,Gucheng,32.0
9,21,19.0,2.0,25.0,300.0,37.0,15.0,1003.8,5.2,0.0,1.2,WNW,Dingling,6.0
9,7,57.0,2.0,39.0,900.0,3.0,20.9,1004.5,16.5,0.0,1.3,N,Changping,65.0
8,18,16.0,2.0,18.0,300.0,78.0,22.3,1003.7,17.7,0.0,1.1,NNW,Changping,16.0
10,23,20.0,2.0,20.0,400.0,39.0,9.1,1011.3,-6.0,0.0,1.3,NW,Changping,3.0
9,1,14.0,2.0,9.0,500.0,7.0,8.05,1014.0,6.5,0.0,0.0,,Huairou,13.0
9,22,38.0,2.0,46.0,900.0,18.0,16.5,1001.4,15.2,0.0,1.1,NNW,Changping,38.0
11,11,27.0,13.0,30.0,600.0,43.0,18.6,1020.0,-5.5,0.0,2.6,NNE,Aotizhongxin,24.0
3,22,93.0,8.0,95.0,600.0,29.0,11.8,1022.4,-14.1,0.0,1.4,WNW,Wanliu,39.0
1,23,36.0,5.0,22.0,800.0,48.0,-4.8,1026.2,-18.3,0.0,2.5,NNW,Changping,14.0
5,3,79.0,4.0,12.0,600.0,65.0,14.8,998.5,10.8,0.0,0.9,NW,Huairou,52.0
6,20,51.0,4.0,41.0,600.0,147.0,32.7,998.4,10.7,0.0,1.6,SSW,Dongsi,38.0
7,10,24.0,2.0,13.0,500.0,55.0,28.7,996.0,20.7,0.0,1.2,SW,Dingling,13.0
9,0,78.0,2.0,28.0,800.0,43.0,16.9,1001.3,15.2,0.1,1.0,NNW,Changping,78.0
3,17,171.0,4.0,23.0,200.0,87.0,8.6,1013.0,-18.3,0.0,4.8,NNE,Guanyuan,10.0
10,1,159.0,6.0,98.0,2500.0,2.0,4.3,1019.4,3.0,0.0,0.4,W,Gucheng,127.0
3,15,27.0,5.0,2.0,300.0,102.0,18.8,1016.7,-12.3,0.0,3.7,W,Wanshouxigong,16.0
10,2,92.0,2.0,71.0,1900.0,2.0,14.0,1019.3,13.4,0.0,1.1,NE,Wanshouxigong,92.0
11,13,220.0,20.0,123.0,2100.0,13.0,12.0,1012.5,1.0,0.0,1.1,SSE,Guanyuan,174.0
9,16,29.0,2.0,32.0,400.0,103.0,25.9,1004.2,14.0,0.0,1.6,SSE,Shunyi,22.0
8,5,6.0,3.0,11.0,200.0,33.0,21.9,1000.4,17.5,0.0,1.6,N,Huairou,3.0
6,17,107.0,14.0,25.0,800.0,255.0,29.6,998.3,13.4,0.0,2.6,SSW,Huairou,72.0
10,9,19.0,2.0,24.0,100.0,39.0,9.0,1022.5,-11.6,0.0,2.3,NNE,Wanliu,7.0
3,19,376.0,22.0,30.0,600.0,128.0,21.5,1000.9,-0.5,0.0,3.2,SE,Dingling,80.0
5,6,127.0,49.0,70.0,1200.0,43.0,18.5,1009.4,11.6,0.0,1.7,NE,Wanliu,126.0
6,12,46.0,17.0,53.0,800.0,98.0,29.7,1003.9,17.8,0.0,2.9,SSW,Guanyuan,44.0
1,7,9.0,11.0,23.0,700.0,48.0,-10.9,1033.0,-22.4,0.0,3.1,NE,Shunyi,9.0
1,23,86.0,24.0,61.0,900.0,24.0,-5.775,1025.5,-19.7,0.0,1.1,SW,Guanyuan,65.0
7,14,5.0,2.0,6.0,200.0,78.0,32.0,991.8,3.9,0.0,2.9,NE,Huairou,3.0
10,0,46.0,2.0,21.0,700.0,27.0,10.4,1016.5,9.3,0.0,1.3,N,Shunyi,46.0
8,17,52.0,2.0,26.0,700.0,189.0,27.2,1005.4,19.3,0.0,1.5,NE,Guanyuan,52.0
8,2,98.0,8.0,40.0,2200.0,79.0,24.4,1006.2,21.9,0.0,1.0,ENE,Aotizhongxin,86.0
7,9,92.0,11.0,56.0,600.0,17.0,28.0,1001.3,20.8,0.0,0.9,E,Aotizhongxin,37.0
6,0,89.0,6.0,24.0,600.0,125.0,25.3,990.5,15.0,0.0,0.8,N,Changping,48.0
5,11,153.0,17.0,64.0,1000.0,65.0,20.6,1005.3,7.2,0.0,2.5,NE,Wanshouxigong,74.0
3,23,97.0,9.0,73.0,800.0,11.0,11.8,1017.7,-17.8,0.0,2.2,NNW,Shunyi,71.0
4,2,12.0,2.0,29.0,400.0,51.0,8.3,1018.3,6.4,0.0,0.6,NNW,Nongzhanguan,12.0
10,4,72.0,2.0,53.0,800.0,3.0,9.5,1005.2,9.2,0.1,0.7,W,Gucheng,72.0
2,12,95.0,66.0,33.0,1200.0,46.0,7.0,1023.0,-9.4,0.0,5.1,WNW,Changping,95.0
10,10,27.0,2.0,17.0,300.0,54.0,17.7,1012.8,0.8,0.0,3.4,N,Wanliu,9.0
1,15,83.0,37.0,43.0,1400.0,49.0,3.0,1031.2,-13.8,0.0,3.0,S,Dongsi,83.0
4,5,70.0,3.0,21.0,800.0,41.0,7.5,1005.7,3.9,0.0,1.0,NW,Changping,60.0
11,4,7.0,2.0,36.0,400.0,25.0,0.6,1018.0,-11.5,0.0,1.0,W,Gucheng,5.0
3,21,306.0,71.0,152.0,3400.0,6.0,2.6,1012.5,-7.1,0.0,0.6,ENE,Wanshouxigong,279.0
4,4,154.0,33.0,55.0,1300.0,43.0,5.2,1001.1,-1.7,0.0,0.4,NNE,Changping,121.0
5,0,185.0,18.0,57.0,500.0,50.0,14.1,1012.2,0.0,0.0,1.0,SE,Wanliu,36.0
7,23,76.0,3.0,25.0,800.0,98.0,28.2,1003.7,24.8,0.2,1.2,W,Dongsi,76.0
9,9,126.0,9.0,80.0,1300.0,31.0,20.7,1011.3,11.9,0.0,1.1,NE,Aotizhongxin,85.0
4,20,210.0,14.0,54.0,900.0,158.0,22.8,999.8,11.5,0.0,1.1,SSW,Gucheng,99.0
10,1,27.0,2.0,29.0,600.0,10.0,4.4,1013.3,4.0,0.0,1.7,SSW,Huairou,43.0
3,17,160.0,27.0,31.0,900.0,173.0,19.3,1006.1,1.7,0.0,2.9,SSE,Dingling,119.0
4,19,149.0,26.0,42.0,1100.0,189.0,19.3,1012.1,6.7,0.0,0.9,SSW,Nongzhanguan,134.0
6,9,44.0,2.0,35.0,500.0,72.0,26.4,994.9,19.8,0.0,1.3,ESE,Dingling,44.0
5,17,102.0,25.0,30.0,1500.0,73.0,20.6,1005.1,17.0,0.0,3.2,SSE,Shunyi,96.0
8,13,124.0,10.0,84.0,1800.0,19.0,26.4,1001.9,20.7,0.0,1.5,N,Aotizhongxin,79.0
11,13,39.0,16.0,27.0,700.0,48.0,-1.8,1033.8,-9.2,0.0,2.6,ENE,Tiantan,39.0
10,23,190.0,3.0,74.0,1800.0,1.0,16.5,1005.4,13.8,0.0,1.5,NW,Tiantan,175.0
6,16,44.0,6.0,21.0,400.0,195.0,31.1,992.5,11.5,0.0,2.2,SE,Shunyi,44.0
9,23,176.0,3.0,74.0,1400.0,46.0,20.8,1010.0,15.7,0.0,0.6,NW,Wanshouxigong,143.0
3,10,159.0,116.0,78.0,3400.0,13.0,4.8,1018.3,-3.5,0.0,1.7,E,Guanyuan,129.0
5,23,66.0,2.0,21.0,200.0,62.0,16.2,1013.8,-7.5,0.0,2.0,NW,Shunyi,11.0
12,18,390.0,84.0,188.0,5400.0,8.0,2.7,1026.0,-8.1,0.0,1.7,WSW,Wanshouxigong,305.0
9,19,18.0,4.0,47.0,500.0,59.0,26.1,1003.7,13.2,0.0,1.2,W,Nongzhanguan,12.0
7,4,91.0,2.0,23.0,600.0,67.0,25.7,996.5,15.4,0.0,0.6,SE,Dingling,61.0
3,15,14.0,4.0,19.0,300.0,84.0,10.6,1012.9,-12.1,0.0,1.9,SSW,Guanyuan,7.0
4,8,50.0,3.0,2.0,,112.0266,21.1,1004.8,-8.4,0.0,7.0,WNW,Huairou,12.0
4,19,29.0,3.0,9.0,300.0,105.0,24.3,1004.0,-10.6,0.0,1.3,ESE,Changping,8.0
6,18,8.0,2.0,20.0,400.0,121.0,30.0,993.0,8.4,0.0,6.8,NW,Gucheng,8.0
2,19,226.0,39.0,119.0,2700.0,45.0,5.0,1005.0,-11.2,0.0,1.0,SW,Wanshouxigong,192.0
3,20,356.0,14.0,58.0,700.0,83.0,18.6,1006.7,3.6,0.0,2.8,ESE,Nongzhanguan,74.0
2,21,114.0,38.0,100.0,1700.0,16.0,1.5,1021.7,-10.7,0.0,1.4,SW,Gucheng,79.0
6,3,212.0,10.0,26.0,1200.0,89.0,26.1,996.5,18.2,0.0,1.6,E,Changping,187.0
12,4,44.0,21.0,47.0,700.0,4.0,-1.5,1011.3,-10.1,0.0,0.9,N,Dingling,32.0
4,23,57.0,20.0,41.0,1000.0,57.0,13.2,1010.4,-5.4,0.0,1.8,SSE,Shunyi,51.0
1,14,164.0,22.0,75.0,1800.0,22.0,3.5,1019.7,-3.5,0.0,1.3,NE,Shunyi,164.0
3,7,86.0,35.0,39.0,1600.0,29.0,3.3,1014.6,-6.4,0.0,0.7,N,Dingling,60.0
3,15,13.0,2.0,12.0,300.0,93.0,14.0,1023.9,-23.1,0.0,2.0,S,Shunyi,7.0
6,23,41.0,4.0,122.0,600.0,2.0,23.8,999.9,16.8,0.0,0.0,WNW,Aotizhongxin,41.0
5,19,202.0,84.0,51.0,1600.0,301.0,26.2,1010.1,12.6,0.0,1.7,SE,Shunyi,174.0
6,9,162.0,3.0,31.0,500.0,62.0,27.9,990.0,19.4,0.0,1.6,S,Dingling,42.0
10,11,149.0,13.0,37.0,1300.0,112.0,22.5,1008.8,14.1,0.0,1.6,E,Dingling,149.0
1,16,168.0,23.0,65.0,1600.0,33.0,2.2,1017.8,-6.7,0.0,0.8,SSE,Tiantan,168.0
3,18,50.0,7.0,26.0,500.0,68.0,4.0,1022.0,-25.0,0.0,2.5,SW,Guanyuan,25.0
2,12,14.0,14.0,61.0,700.0,34.0,5.0,1026.0,-15.0,0.0,1.6,WSW,Wanliu,14.0
6,20,145.0,7.0,19.0,1200.0,232.0,24.3,998.1,17.1,0.0,2.8,NNE,Wanliu,70.0
11,17,39.0,2.0,2.0,100.0,76.0,7.0,1017.0,-18.8,0.0,4.4,WNW,Dingling,9.0
11,6,288.0,12.0,81.0,6400.0,8.0,5.1,1015.0,4.8,0.0,0.5,ENE,Nongzhanguan,288.0
5,16,64.0,11.0,14.0,500.0,237.0,29.3,1010.4,5.4,0.0,2.0,S,Nongzhanguan,45.0
12,10,60.0,27.0,70.0,1900.0,4.0,1.3,1023.1,-7.7,0.0,1.2,NNE,Nongzhanguan,58.0
8,23,199.0,3.0,102.0,1300.0,24.0,23.9,998.8,22.2,0.0,0.0,NW,Gucheng,132.0
11,6,5.0,3.0,8.0,200.0,69.0,9.2,1014.0,-11.5,0.0,1.6,NW,Gucheng,3.0
4,2,41.0,2.0,7.0,200.0,69.0,12.9,1010.4,-19.3,0.0,2.2,NE,Gucheng,10.0
7,16,227.0,2.0,32.0,,107.0,30.5,1002.3,26.9,0.0,1.8,NW,Nongzhanguan,227.0
9,20,78.0,2.0,78.0,1700.0,6.0,20.1,1007.8,18.8,0.0,0.4,N,Wanliu,78.0
1,3,72.0,23.0,77.0,3200.0,2.0,-9.5,1020.6,-13.4,0.0,0.9,NE,Wanliu,53.0
3,23,153.0,32.0,98.0,900.0,60.0,16.1,1007.9,2.8,0.0,3.1,SW,Wanliu,106.0
1,1,178.0,90.0,94.0,2600.0,1.0,-3.1,1016.2,-5.7,0.0,1.3,ENE,Guanyuan,143.0
4,18,359.0,14.0,40.0,500.0,76.0,20.2,1009.9,6.9,0.0,2.1,NE,Wanliu,138.0
9,16,62.0,3.0,17.0,1000.0,124.0,22.55,1003.25,18.2,0.0,1.8,SE,Dingling,62.0
2,20,231.0,92.0,121.0,3500.0,20.0,0.0,1027.0,-13.7,0.0,0.1,ESE,Shunyi,231.0
10,17,23.0,2.0,17.0,200.0,72.0,16.9,1017.8,-2.8,0.0,1.7,N,Aotizhongxin,8.0
11,23,235.0,17.0,117.0,1800.0,2.0,11.0,1019.4,6.3,0.0,0.5,ENE,Wanliu,235.0
6,6,8.0,4.0,22.0,100.0,52.0,25.3,1002.1,15.9,0.0,1.4,NE,Aotizhongxin,8.0
11,13,36.0,10.0,7.3908,,46.6956,-0.7,1021.9,-24.2,0.0,4.5,NNW,Wanliu,19.0
5,19,28.0,2.0,36.0,500.0,62.0,14.6,1006.9,12.3,0.7,2.4,NNE,Tiantan,28.0
9,7,63.0,2.0,16.0,500.0,16.0,14.375,1008.0,12.4,0.0,1.3,NW,Dingling,63.0
5,8,20.0,4.0,53.0,600.0,26.0,18.9,1003.0,-0.5,0.0,1.7,ENE,Wanshouxigong,20.0
1,9,125.0,24.0,67.0,2600.0,9.0,-4.0,1037.0,-8.9,0.0,1.6,SSE,Tiantan,113.0
5,7,112.0,8.0,85.0,600.0,2.0,12.8,1007.9,5.5,0.0,1.7,ENE,Wanliu,38.0
8,4,18.0,2.0,57.0,600.0,2.0,19.5,1001.1,19.5,0.0,0.0,NW,Guanyuan,11.0
5,7,113.0,12.0,62.0,1000.0,11.0,19.6,999.3,10.3,0.0,1.2,NE,Wanliu,48.0
12,10,29.0,17.0,27.0,500.0,22.0,-1.5,1033.0,-24.9,0.0,4.5,NNW,Wanliu,10.0
2,2,18.0,7.0,20.0,400.0,66.0,0.0,1027.0,-17.3,0.0,2.1,NNW,Tiantan,9.0
7,19,63.0,5.0,28.0,600.0,233.0,30.9,1006.8,13.7,0.0,2.9,SE,Tiantan,51.0
10,9,21.0,4.0,17.0,300.0,56.0,16.4,1010.2,0.5,0.0,3.3,NNW,Aotizhongxin,4.0
6,7,119.0,7.0,54.0,900.0,17.0,24.7,1003.2,16.4,0.0,1.5,NE,Shunyi,70.0
2,4,21.0,5.0,24.0,600.0,63.0,-2.2,1015.8,-7.1,0.0,2.0,NW,Huairou,12.0
1,1,207.0,88.0,97.0,3700.0,1.0,0.5,1013.4,-9.5,0.0,0.7,ENE,Aotizhongxin,139.0
5,2,158.0,6.0,46.0,500.0,49.0,14.7,1006.9,-3.6,0.0,3.6,S,Nongzhanguan,44.0
12,10,46.0,5.0,28.0,600.0,33.0,-0.3,1018.5,-13.3,0.0,2.9,ENE,Huairou,26.0
2,9,30.0,11.0,56.0,900.0,21.0,6.2,1022.5,-8.2,0.0,1.3,ENE,Nongzhanguan,24.0
8,10,29.0,2.0,39.0,600.0,50.0,25.2,1002.0,17.9,0.0,0.9,E,Wanliu,4.0
5,1,15.0,2.0,27.0,300.0,83.0,18.0,999.7,9.9,0.1,1.6,NE,Guanyuan,3.0
4,0,7.0,3.0,20.0,300.0,76.0,5.7,1018.8,-10.1,0.0,2.9,NNW,Tiantan,5.0
11,12,3.0,,60.0,1600.0,9.0,8.0,1015.7,1.6,0.0,2.1,ESE,Tiantan,3.0
7,7,77.0,2.0,7.0,500.0,124.0,24.5,995.8,19.6,0.0,0.5,ENE,Dingling,54.0
10,9,3.0,2.0,17.0,300.0,44.0,16.4,1024.2,-4.8,0.0,1.9,NW,Changping,3.0
10,23,124.0,3.0,71.0,2200.0,2.0,15.4,1009.6,14.8,0.3,0.6,SW,Gucheng,124.0
6,19,74.0,3.0,30.0,900.0,132.0,25.1,1000.6,16.0,0.0,1.2,SW,Wanliu,23.0
3,1,182.0,10.0,56.0,900.0,3.0,3.8,1022.1,-7.4,0.0,0.0,NW,Gucheng,50.0
11,8,17.0,4.0,43.0,600.0,32.0,3.8,1022.9,-11.8,0.0,1.8,NNW,Wanshouxigong,17.0
9,14,107.0,25.0,20.0,1000.0,106.0,27.0,1007.5,15.7,0.0,3.0,SW,Tiantan,107.0
7,11,68.0,2.0,42.0,800.0,70.0,31.3,999.2,23.1,0.0,1.0,NNW,Wanliu,68.0
7,17,116.0,7.0,15.0,900.0,257.0,33.3,1004.7,18.3,0.0,2.8,S,Tiantan,114.0
6,17,25.0,2.0,20.0,300.0,80.0,32.7,999.2,6.8,0.0,1.2,NNW,Aotizhongxin,15.0
6,9,133.0,8.0,30.0,1500.0,76.0,29.1,1006.8,20.0,0.0,1.4,WNW,Shunyi,109.0
10,9,122.0,8.0,65.0,1400.0,2.0,13.1,1020.2,1.4,0.0,1.3,E,Huairou,60.0
6,21,129.0,4.0,55.0,1000.0,114.0,25.5,1000.1,12.7,0.0,0.5,WNW,Gucheng,60.0
11,17,163.0,21.0,79.0,1200.0,24.0,10.1,1019.2,-1.3,0.0,1.4,SW,Nongzhanguan,122.0
5,18,135.0,2.0,28.0,100.0,84.0,15.8,1011.8,3.9,0.0,0.9,W,Guanyuan,55.0
7,2,248.0,6.0,9.0,900.0,51.0,24.6,999.3,22.7,0.0,1.0,NE,Shunyi,248.0
2,16,71.0,3.0,8.0,200.0,75.0,0.0,1016.9,-31.9,0.0,5.5,WNW,Changping,9.0
6,12,11.0,4.0,20.0,3000.0,90.0,27.4,1004.1,3.1,0.0,2.0,SW,Nongzhanguan,11.0
1,7,28.0,11.0,56.0,1200.0,10.0,-13.6,1027.7,-23.3,0.0,1.5,N,Shunyi,20.0
1,12,114.0,61.0,73.0,2100.0,14.0,2.0,1017.0,-8.2,0.0,1.6,N,Dongsi,84.0
6,7,13.0,2.0,27.0,400.0,70.0,22.1,997.9,9.9,0.0,2.5,NE,Aotizhongxin,13.0
12,13,8.0,2.0,8.0,300.0,68.0,1.8,1022.2,-14.0,0.0,6.7,WNW,Aotizhongxin,8.0
3,12,13.0,6.0,2.0,,86.0,9.6,1014.9,-23.2,0.0,2.3,WNW,Dingling,13.0
1,7,113.0,43.0,50.0,2700.0,5.0,-6.0,1032.0,-16.6,0.0,1.4,SSW,Dongsi,57.0
6,1,54.0,2.0,81.0,1100.0,2.0,17.5,1008.2,15.8,0.0,0.0,SE,Guanyuan,41.0
6,5,100.0,7.0,127.0,1500.0,2.0,24.2,1000.9,19.5,0.0,1.0,ENE,Aotizhongxin,100.0
4,17,108.0,10.0,21.0,1000.0,142.0,21.8,1009.5,4.4,0.0,2.4,SSE,Dongsi,77.0
4,17,70.0,5.0,34.0,600.0,152.0,16.7,1006.1,1.9,0.0,1.5,SSE,Nongzhanguan,70.0
6,13,150.0,11.0,57.0,2700.0,6.0,19.6,1005.9,19.1,0.0,0.7,ENE,Tiantan,134.0
10,6,121.0,4.0,65.0,900.0,3.0,6.4,1012.5,3.9,0.0,0.7,N,Tiantan,73.0
7,3,51.0,6.0,25.0,700.0,95.0,25.7,1007.7,15.7,0.0,1.2,WSW,Aotizhongxin,51.0
12,16,32.0,20.0,39.0,,25.9182,0.2,1029.1,-16.6,0.0,1.3,ENE,Tiantan,24.0
1,9,194.0,30.0,84.0,2200.0,2.0,-2.4,1022.0,-8.3,0.0,1.1,N,Dingling,194.0
6,18,40.0,2.0,17.0,400.0,189.0,30.7,1001.9,13.0,0.0,2.5,SSE,Tiantan,18.0
10,3,323.0,24.0,108.0,2200.0,1.0,7.5,1019.7,6.6,0.0,1.0,NE,Aotizhongxin,247.0
10,14,24.0,5.0,50.0,400.0,72.0,26.5,1014.6,0.2,0.0,1.7,WNW,Tiantan,10.0
1,0,197.0,33.0,77.0,3300.0,4.0,-6.4,1018.6,-14.2,0.0,1.0,N,Gucheng,118.0
4,19,147.0,13.0,69.0,800.0,35.0,16.4,1013.3,0.9,0.0,3.1,SW,Guanyuan,39.0
9,14,99.0,6.0,18.0,1000.0,164.0,30.1,998.0,17.2,0.0,1.4,SW,Gucheng,99.0
3,14,118.0,20.0,63.0,1400.0,75.0,14.7,1016.9,-11.7,0.0,2.9,SW,Dongsi,101.0
10,22,19.0,3.0,50.0,400.0,21.0,13.5,1008.3,9.2,0.0,0.5,E,Gucheng,19.0
12,4,16.0,18.0,39.0,300.0,45.0,2.0,1027.0,-13.4,0.0,2.1,N,Nongzhanguan,12.0
9,8,187.0,18.0,72.0,1900.0,9.0,22.0,1010.0,17.1,0.0,1.0,SSW,Tiantan,148.0
1,23,89.0,18.0,74.0,1300.0,3.0,-2.0,1021.0,-12.9,0.0,0.1,N,Gucheng,32.0
8,9,44.0,8.0,64.0,600.0,36.0,29.4,1008.4,11.0,0.0,1.5,ENE,Guanyuan,23.0
4,18,63.0,8.0,21.0,500.0,144.0,21.3,1004.9,2.0,0.0,2.1,SSW,Dongsi,48.0
10,6,133.0,6.0,51.0,1900.0,2.0,7.5,1007.9,7.4,0.0,0.5,SSE,Tiantan,133.0
11,8,40.0,9.0,68.0,1800.0,2.0,0.2,1023.3,-0.7,0.2,1.6,ESE,Nongzhanguan,40.0
2,15,75.0,26.0,38.0,800.0,53.0,1.7,1022.5,-7.9,0.0,2.4,SSW,Aotizhongxin,71.0
2,18,230.0,49.0,88.0,4000.0,7.0,6.2,1012.8,-1.5,0.0,0.7,WNW,Shunyi,230.0
4,6,149.0,17.0,111.0,1400.0,2.0,9.1,1011.7,3.1,0.0,1.1,NE,Guanyuan,90.0
5,21,76.0,4.0,75.0,500.0,32.0,16.6,997.4,-0.2,0.0,1.4,SW,Wanshouxigong,26.0
11,15,29.0,18.0,32.0,600.0,53.0,12.4,1015.0,-6.6,0.0,0.7,ENE,Huairou,29.0
6,3,50.0,3.0,45.0,5000.0,39.0,15.4,993.5,13.6,0.0,0.9,SW,Wanliu,19.0
9,21,79.0,11.0,55.0,700.0,66.0,24.4,1011.5,10.7,0.0,3.3,SW,Dongsi,36.0
10,15,54.0,13.0,23.0,300.0,49.0,15.2,1014.7,-6.4,0.0,1.4,WSW,Aotizhongxin,16.0
7,15,155.0,14.0,24.0,1600.0,204.0,30.5,998.4,20.7,0.0,2.7,S,Shunyi,155.0
7,7,99.0,2.0,8.0,,49.0,26.6,999.3,25.0,0.0,1.6,ESE,Dingling,99.0
7,21,50.0,2.0,60.0,700.0,98.0,29.9,1000.4,13.6,0.0,3.3,NW,Tiantan,30.0
11,11,67.0,52.0,43.0,500.0,42.4116,13.3,1015.9,-5.3,0.0,1.1,NE,Huairou,45.0
1,16,14.0,8.0,18.0,300.0,79.0,6.9,1015.9,-10.4,0.0,3.0,NNW,Aotizhongxin,14.0
7,17,37.0,2.0,16.0,600.0,171.0,33.4,994.1,13.5,0.0,2.9,S,Changping,27.0
11,4,184.0,85.0,107.0,2600.0,,4.7,1015.3,0.8,0.0,0.9,NE,Aotizhongxin,155.0
3,4,21.0,2.0,24.0,200.0,67.0,12.6,1014.0,-9.8,0.0,2.7,ENE,Tiantan,9.0
10,5,106.0,9.0,39.0,1300.0,1.0,11.8,1008.7,11.2,0.0,1.0,NE,Nongzhanguan,83.0
7,13,14.0,2.0,17.0,400.0,107.0,25.2,994.2,22.3,1.0,0.8,ESE,Gucheng,14.0
5,20,163.0,12.0,24.0,600.0,137.0,22.0,1005.4,8.5,0.0,4.0,SSW,Guanyuan,52.0
5,23,35.0,7.0,69.0,500.0,35.0,21.8,1006.9,15.6,0.0,0.8,WSW,Wanshouxigong,32.0
6,1,79.0,5.0,55.0,400.0,72.0,26.0,1005.3,12.4,0.0,2.1,SW,Wanshouxigong,47.0
11,18,97.0,23.0,75.0,1400.0,5.7834,3.1,1015.2,-10.2,0.0,0.1,WSW,Gucheng,85.0
8,17,49.0,2.0,19.0,500.0,165.0,32.7,999.2,17.3,0.0,2.3,SW,Wanliu,25.0
8,15,25.0,8.0,28.0,600.0,144.0,30.8,1001.1,19.2,0.0,3.3,S,Tiantan,22.0
2,16,111.0,53.0,74.0,1600.0,16.0,2.0,1026.0,-11.9,0.0,2.0,SW,Guanyuan,114.0
8,19,98.0,6.0,26.0,900.0,152.0,24.2,1011.1,19.1,0.0,1.1,ESE,Tiantan,87.0
5,6,5.0,2.0,3.0,100.0,105.0,13.6,1007.3,-7.2,0.0,6.4,NW,Dingling,11.0
4,10,141.0,15.0,83.0,1300.0,47.0,19.3,993.8,6.7,0.0,1.9,SSE,Changping,141.0
10,17,19.0,2.0,28.0,500.0,30.0,12.9,1019.3,3.5,0.0,2.6,ENE,Guanyuan,7.0
12,16,79.0,32.0,31.0,900.0,47.0,3.5,1020.8,-14.2,0.0,4.1,NNW,Aotizhongxin,49.0
9,18,13.0,2.0,11.0,300.0,42.0,23.9,1008.9,17.9,0.0,1.1,N,Shunyi,7.0
8,22,100.0,4.0,40.0,900.0,118.0,26.7,1003.6,16.3,0.0,0.8,SSW,Tiantan,58.0
11,23,178.0,12.0,92.0,2800.0,2.0,0.1,1018.2,-5.1,0.0,0.6,ENE,Changping,138.0
2,6,92.0,5.0,36.0,1100.0,19.0,-2.7,1017.6,-5.7,0.0,0.8,WSW,Nongzhanguan,92.0
2,23,20.0,9.0,27.0,600.0,44.0,-0.8,1026.2,-18.4,0.0,3.0,N,Gucheng,10.0
1,22,203.0,44.0,83.0,1600.0,2.0,-4.0,1020.0,-18.3,0.0,1.3,W,Aotizhongxin,91.0
6,2,77.0,32.0,42.0,800.0,74.0,18.2,1003.2,9.3,0.0,1.3,E,Dongsi,69.0
6,15,16.0,2.0,10.0,200.0,93.0,32.5,1004.0,-6.0,0.0,4.1,NW,Shunyi,15.0
1,17,136.0,34.0,44.0,1000.0,65.0,1.2,1015.8,-9.2,0.0,0.5,W,Huairou,72.0
9,7,136.0,2.0,83.0,1500.0,2.0,19.8,1013.4,19.1,0.0,0.8,NE,Guanyuan,119.0
5,21,83.0,7.0,37.0,700.0,151.0,22.8,1010.4,6.5,0.0,0.9,SSE,Dongsi,55.0
7,7,55.0,4.0,52.0,700.0,18.0,19.4,1007.0,14.9,0.0,1.3,ENE,Nongzhanguan,55.0
7,5,133.0,2.0,49.0,900.0,10.0,24.3,1004.2,21.8,0.0,0.8,ENE,Shunyi,133.0
12,22,347.0,111.0,119.0,,8.0,0.9,1016.3,-0.4,0.0,1.4,ENE,Dongsi,386.0
1,0,35.0,41.0,32.0,1100.0,29.0,-6.3,1024.7,-21.5,0.0,1.4,NNW,Changping,32.0
10,21,136.0,10.0,114.0,,3.213,10.1,1015.8,2.7,0.0,0.0,N,Gucheng,66.0
5,21,196.0,21.0,75.0,900.0,132.0,23.3,1004.5,9.3,0.0,0.6,S,Gucheng,81.0
9,20,138.0,2.0,80.0,1500.0,57.0,21.975,1009.0,14.7,0.0,0.2,,Wanshouxigong,138.0
10,15,157.0,73.0,76.3716,2500.0,81.0,21.6,1010.8,12.4,0.0,1.4,SW,Wanliu,119.0
1,18,64.0,7.0,42.0,1200.0,34.0,0.75,1029.25,-22.1,0.0,1.7,SE,Dongsi,22.0
5,13,144.0,17.0,96.0,1200.0,121.0,27.2,1005.0,9.1,0.0,2.3,SW,Aotizhongxin,107.0
5,14,150.0,10.0,12.0,800.0,231.0,31.4,996.5,13.2,0.0,2.0,SSW,Gucheng,101.0
6,10,144.0,18.0,41.0,1400.0,81.0,25.8,1001.9,17.7,0.0,2.6,WSW,Nongzhanguan,138.0
1,7,11.0,28.0,16.0,300.0,,0.1,1022.3,-14.3,0.0,1.6,NW,Shunyi,8.0
10,23,249.0,26.0,86.0,2300.0,73.0,14.1,1016.9,13.6,0.0,0.0,N,Dongsi,237.0
11,9,27.0,11.0,36.0,700.0,14.1372,3.7,1022.7,-14.6,0.0,1.8,NNE,Tiantan,15.0
11,4,96.0,6.0,74.0,1400.0,,5.3,1022.7,1.4,0.0,1.2,NNE,Shunyi,93.0
4,18,25.0,3.0,,200.0,111.0,26.0,1002.4,-12.5,0.0,1.6,ENE,Dingling,10.0
7,12,172.0,2.0,31.0,1100.0,170.0,32.6,996.8,24.1,0.0,0.9,SSE,Gucheng,172.0
5,23,249.0,25.0,106.0,2100.0,81.0,24.7,1000.8,15.6,0.0,2.3,SE,Dongsi,150.0
2,8,14.0,2.0,3.0,300.0,58.0,-4.7,1022.1,-18.9,0.0,0.5,E,Huairou,8.0
10,4,82.0,3.0,60.0,800.0,2.0,6.8,1014.4,5.7,0.0,0.9,NE,Wanliu,53.0
7,15,55.0,2.0,14.0,500.0,192.0,35.7,997.6,21.6,0.0,4.0,SSE,Changping,55.0
8,8,61.0,2.0,22.0,800.0,62.0,25.1,1002.3,20.8,0.0,1.4,NNE,Shunyi,61.0
1,21,124.0,59.0,91.0,1800.0,1.0,3.1,1018.1,-11.3,0.0,1.7,SW,Wanshouxigong,58.0
12,20,99.0,8.0,43.0,500.0,31.0,6.8,1010.0,-15.9,0.0,2.8,WNW,Nongzhanguan,21.0
11,0,29.0,5.0,17.0,500.0,40.0,-0.8,1024.1,-14.0,0.0,1.1,N,Dingling,26.0
1,17,87.0,22.0,54.0,1200.0,34.0,-2.9,1026.2,-23.4,0.0,2.1,SW,Guanyuan,56.0
7,6,173.0,2.0,53.0,1400.0,10.0,24.2,994.4,23.5,0.0,0.8,ESE,Gucheng,173.0
4,20,110.0,21.0,80.0,800.0,15.0,15.7,1016.1,-1.9,0.0,1.2,SW,Shunyi,36.0
1,5,9.0,15.0,32.0,400.0,29.0,-2.0,1021.0,-21.5,0.0,1.9,ENE,Guanyuan,5.0
11,13,48.0,12.0,28.0,800.0,31.0,-2.6,1032.8,-4.6,0.7,1.7,SE,Shunyi,48.0
1,5,190.0,106.0,121.0,4000.0,1.0,-9.5,1025.9,-13.6,0.0,1.4,W,Wanshouxigong,147.0
10,2,104.0,2.0,68.0,1100.0,2.0,9.4,1007.7,4.0,0.0,0.0,N,Gucheng,39.0
3,7,93.0,26.0,68.0,1600.0,7.0,-1.7,1014.5,-12.1,0.0,0.8,NW,Shunyi,77.0
10,3,5.0,2.0,6.0,,29.0,7.7,1028.9,-13.3,0.0,1.5,NE,Shunyi,5.0
2,22,777.0,123.0,142.0,5100.0,11.0,-3.6,1016.9,-6.1,0.0,0.6,W,Gucheng,770.0
11,6,38.0,6.0,37.0,700.0,38.0,2.4,1021.6,-1.6,0.0,1.0,ENE,Aotizhongxin,38.0
7,9,82.0,2.0,21.0,800.0,77.0,27.7,999.0,21.0,0.0,1.5,NNW,Shunyi,47.0
11,10,176.0,13.0,102.0,4600.0,6.0,8.9,1017.0,5.8,0.0,1.6,NNE,Aotizhongxin,176.0
1,14,36.0,10.0,26.0,500.0,67.0,0.8,1023.2,-22.2,0.0,4.1,NW,Tiantan,18.0
11,8,118.0,3.0,60.0,1400.0,2.3562,6.7,1007.8,3.3,0.0,0.5,SSW,Huairou,101.0
8,5,130.0,3.0,20.0,1000.0,76.0,24.7,998.5,18.6,0.0,0.8,SE,Dingling,115.0
8,16,78.0,4.0,28.0,600.0,191.0,34.5,1001.5,17.3,0.0,2.0,S,Guanyuan,22.0
8,0,47.0,4.0,43.0,700.0,50.0,24.1,1002.4,21.4,0.0,0.4,ENE,Dongsi,47.0
3,12,41.0,9.0,57.0,700.0,42.0,20.4,1013.9,-5.5,0.0,2.5,SSW,Aotizhongxin,21.0
11,6,5.0,7.0,36.0,300.0,31.0,-1.0,1021.0,-8.7,0.0,0.7,N,Dongsi,3.0
4,15,34.0,8.0,21.0,400.0,109.0,28.6,1004.6,-4.8,0.0,1.1,ENE,Wanshouxigong,29.0
11,8,456.0,18.0,144.0,6700.0,2.0,0.1,1017.0,0.1,0.0,0.5,NW,Wanliu,331.0
9,7,78.0,26.0,61.0,2800.0,25.0,19.9,1011.8,16.9,0.0,0.0,E,Guanyuan,78.0
12,3,210.0,21.0,103.0,2500.0,2.0,-1.0,1013.5,-5.4,0.0,0.8,N,Dingling,210.0
6,23,45.0,2.0,35.0,600.0,67.0,21.8,1001.2,15.6,0.0,0.5,ESE,Gucheng,21.0
6,17,29.0,2.0,34.0,,90.0,27.1,993.7,14.8,0.0,1.7,ENE,Wanliu,19.0
10,6,33.0,2.0,18.0,100.0,22.0,9.525,1018.0,1.4,0.0,1.9,SE,Changping,16.0
6,0,70.0,3.0,34.0,1200.0,85.0,21.9,1002.6,17.9,0.0,1.0,SSE,Wanshouxigong,70.0
6,17,143.0,16.0,30.0,700.0,292.0,32.2,996.9,13.9,0.0,2.9,WSW,Aotizhongxin,83.0
9,8,105.0,5.0,74.0,1400.0,3.0,17.1,1005.6,10.2,0.0,0.8,ENE,Gucheng,66.0
7,23,79.0,10.0,28.0,800.0,122.0,24.4,1005.0,17.4,0.0,1.2,SSW,Wanliu,56.0
8,6,15.0,17.0,14.0,400.0,78.0,21.5,992.7,13.7,0.0,2.1,NNW,Dingling,8.0
6,15,33.0,13.0,32.0,600.0,164.0,28.7,998.9,8.9,0.0,0.3,E,Nongzhanguan,24.0
8,17,47.0,5.0,16.0,600.0,210.0,30.5,1000.8,19.2,0.0,1.1,WNW,Huairou,40.0
3,10,142.0,84.0,100.0,2399.0,95.0,9.4,1012.0,-8.2,0.0,1.5,NE,Guanyuan,111.0
7,9,202.0,2.0,38.0,1100.0,71.0,28.7,998.0,23.8,0.0,1.0,E,Gucheng,202.0
11,16,153.0,35.0,79.0,2500.0,2.0,3.2,1023.9,-2.8,0.0,2.0,WNW,Huairou,88.0
12,22,33.0,4.0,3.0,400.0,49.0,2.2,1024.0,-16.3,0.0,1.5,NNE,Dingling,12.0
6,7,11.0,2.0,18.0,400.0,65.0,20.0,999.6,13.9,0.0,2.0,NNE,Shunyi,11.0
7,23,31.0,,31.8215,,73.0,24.3,1001.5,23.6,1.7,0.1,E,Dongsi,56.0
5,16,18.0,2.0,14.0,300.0,90.0,23.5,1007.2,-4.7,0.0,2.3,NNW,Guanyuan,12.0
8,19,127.0,8.0,32.0,1300.0,220.0,28.4,1001.9,17.9,0.0,1.3,SSW,Wanshouxigong,42.0
1,3,24.0,2.0,31.0,800.0,4.0,-10.7,1020.5,-15.8,0.0,0.7,WNW,Huairou,24.0
3,12,35.0,11.0,32.0,600.0,86.0,11.0,1012.4,-11.1,0.0,1.9,SSW,Wanshouxigong,27.0
7,0,89.0,31.7016,82.5306,,11.0,26.0,999.3,18.9,0.0,1.2,E,Dongsi,47.0
2,16,210.0,132.0,106.0,3500.0,16.0,3.1,1021.3,-3.1,0.0,1.1,NE,Gucheng,209.0
9,10,115.0,20.0,61.0,1400.0,22.0,21.0,1015.9,16.6,0.0,2.3,SSE,Tiantan,104.0
7,13,24.0,3.0,29.0,1300.0,2.0,25.3,991.3,24.8,0.1,1.6,SSE,Wanshouxigong,31.0
6,10,15.0,2.0,26.0,500.0,78.0,27.6,995.6,15.6,0.0,1.0,WSW,Aotizhongxin,13.0
1,3,12.0,12.0,25.0,600.0,5.0,1.0,1021.8,-19.5,0.0,2.7,ENE,Wanshouxigong,9.0
4,4,101.0,8.0,81.0,500.0,19.0,11.8,1007.7,3.8,0.0,1.4,ENE,Dongsi,40.0
9,22,56.0,4.0,50.0,500.0,1.0,16.5,1003.8,8.2,0.0,1.4,WNW,Huairou,17.0
12,13,148.0,88.0,69.0,3200.0,18.0,1.9,1018.2,-10.0,0.0,1.7,SW,Dingling,132.0
4,10,208.0,16.0,88.0,1000.0,18.0,19.9,1004.4,-4.4,0.0,0.7,S,Gucheng,63.0
8,4,91.0,4.0,32.0,900.0,41.0,25.4,1001.8,23.8,0.0,0.6,SSW,Tiantan,75.0
10,10,74.0,5.0,51.0,1200.0,2.0,16.2,1011.0,12.0,0.1,1.4,E,Gucheng,58.0
4,0,46.0,3.0,2.0,200.0,94.0,6.1,1007.1,-9.8,0.0,4.7,NW,Dingling,14.0
4,13,77.0,5.0,16.0,300.0,130.0,24.8,1012.4,-1.9,0.0,3.3,SSW,Aotizhongxin,27.0
3,12,59.0,12.0,40.0,800.0,54.0,8.7,1016.7,-15.1,0.0,5.2,WSW,Guanyuan,48.0
12,16,366.0,116.0,136.0,5500.0,3.0,3.5,1015.0,-1.9,0.0,1.1,NE,Tiantan,360.0
1,4,705.0,154.0,192.0,8200.0,4.0,-1.0,1019.5,-8.7,0.0,1.3,NNW,Wanshouxigong,578.0
11,15,90.0,18.0,25.0,500.0,62.3322,13.8,1008.2,-11.6,0.0,4.0,WNW,Changping,26.0
9,1,102.0,2.0,43.0,1400.0,28.0,17.5,1004.8,15.5,0.0,1.4,NE,Huairou,102.0
8,10,23.0,,18.6823,,68.1156,24.6,1001.1,20.9,2.7,0.9,W,Shunyi,25.0
4,16,188.0,34.0,27.0,1200.0,128.0,23.9,1005.0,13.4,0.0,1.6,S,Gucheng,159.0
5,15,66.0,3.0,50.0,800.0,4.0,22.4,996.3,14.8,0.0,0.0,N,Dingling,55.0
1,6,17.0,32.0,78.0,1300.0,14.0,4.4,1018.9,-17.9,0.0,3.7,NE,Wanliu,13.0
7,23,55.0,2.0,58.0,1100.0,4.0,22.9,999.3,22.1,0.9,0.4,ESE,Changping,55.0
8,6,38.0,2.0,55.0,500.0,18.0,17.7,995.3,15.7,0.0,1.0,E,Wanshouxigong,21.0
2,11,212.0,18.0,38.0,2300.0,20.0,1.0,1011.0,-0.9,0.0,1.7,W,Aotizhongxin,212.0
10,20,117.0,9.0,95.0,1000.0,4.0,6.1,1018.5,0.2,0.0,1.3,WNW,Huairou,46.0
9,11,126.0,3.0,29.0,1100.0,108.0,22.075,1009.0,17.5,0.0,1.3,NE,Nongzhanguan,126.0
11,6,141.0,4.0,68.0,1500.0,2.0,5.0,1025.1,3.3,0.0,0.9,NE,Nongzhanguan,141.0
3,5,171.0,20.0,68.0,900.0,3.0,7.7,1008.0,-5.1,0.0,0.9,E,Aotizhongxin,61.0
12,9,24.0,5.0,21.0,400.0,29.0,-0.4,1028.0,-19.1,0.0,3.7,N,Wanliu,3.0
1,20,233.0,53.0,104.0,3000.0,2.0,-2.0,1009.0,-11.3,0.0,1.1,NNE,Huairou,223.0
11,15,81.0,28.0,52.0,1200.0,39.0,10.5,1010.2,-11.6,0.0,1.3,SW,Wanshouxigong,77.0
3,0,209.0,66.0,134.0,3900.0,2.0,2.9,1013.0,-3.5,0.0,1.6,ENE,Wanliu,142.0
6,12,40.0,2.0,,600.0,168.0,30.5,1003.7,13.7,0.0,1.6,NW,Shunyi,40.0
12,22,201.0,40.0,107.0,3000.0,2.0,-2.7,1027.0,-7.4,0.0,1.1,NE,Dongsi,161.0
10,7,231.0,5.0,82.0,2800.0,10.0,14.4,1015.1,14.2,0.0,0.4,E,Nongzhanguan,272.0
1,8,120.0,46.0,52.0,2500.0,4.0,-6.1,1032.7,-16.1,0.0,0.6,S,Dongsi,54.0
11,9,41.0,7.0,35.0,3500.0,2.0,0.6,1027.7,0.2,0.1,1.5,SE,Guanyuan,41.0
10,4,105.0,2.0,47.0,1200.0,2.0,10.2,1015.3,9.6,0.0,1.2,ENE,Tiantan,105.0
2,1,199.0,32.0,77.0,4000.0,8.0,0.0,1013.0,-8.0,0.0,0.5,SW,Tiantan,199.0
6,12,84.0,2.0,56.0,600.0,145.0,31.3,990.9,15.3,0.0,2.4,SSE,Gucheng,41.0
3,11,141.0,70.0,,1500.0,107.0,10.1,1009.1,-9.1,0.0,2.0,SE,Gucheng,114.0
7,3,28.0,2.0,5.0,500.0,5.0,21.9,999.0,20.7,0.0,0.8,W,Huairou,15.0
10,15,32.0,3.0,41.0,600.0,40.0,15.24,1017.4,-2.3,0.0,1.5,SE,Wanshouxigong,32.0
4,20,111.0,2.0,31.0,400.0,69.0,15.6,1016.6,8.1,0.0,1.4,SSE,Tiantan,42.0
8,17,10.0,2.0,10.0,200.0,109.0,30.1,1000.6,7.9,0.0,1.5,SE,Huairou,6.0
3,22,13.0,2.0,20.0,300.0,70.0,0.4,1033.2,-30.2,0.0,2.1,NW,Wanshouxigong,4.0
1,19,129.0,8.0,70.0,2100.0,2.0,-4.075,1023.0,-7.5,0.0,1.2,NW,Huairou,133.0
7,5,23.0,3.0,49.0,600.0,5.0,21.7,996.0,20.3,0.0,0.5,NNE,Aotizhongxin,23.0
11,23,80.0,20.0,74.0,1900.0,4.0,5.9,1017.7,-0.2,0.0,1.7,WSW,Aotizhongxin,70.0
12,3,105.0,89.0,67.0,1000.0,8.0,5.7,1012.5,-11.0,0.0,1.1,N,Dingling,63.0
2,3,9.0,3.0,6.0,200.0,90.0,3.0,1017.0,-14.2,0.0,1.0,NW,Changping,9.0
7,15,167.0,2.0,15.0,1300.0,236.0,31.9,995.9,27.1,0.0,2.5,E,Aotizhongxin,167.0
9,17,185.0,63.0,109.0,1600.0,74.0,23.7,1003.1,19.0,0.0,0.5,S,Aotizhongxin,156.0
12,3,21.0,10.0,43.0,900.0,28.0,-3.5,1033.4,-19.9,0.0,1.5,NE,Nongzhanguan,7.0
5,11,126.0,20.0,32.0,300.0,78.8256,25.9,995.8,1.9,0.0,4.4,SW,Aotizhongxin,49.0
9,17,92.0,54.0,50.0,900.0,75.0,19.8,1013.3,16.8,0.0,0.6,NNE,Tiantan,73.0
7,0,229.0,2.0,43.0,1500.0,74.0,27.0,994.3,24.5,0.0,1.3,E,Guanyuan,226.0
5,7,37.0,2.0,17.0,900.0,80.0,11.5,1002.6,10.4,2.5,2.4,ENE,Wanshouxigong,37.0
3,20,246.0,23.0,53.0,1100.0,73.0,14.6,1010.5,-11.0,0.0,3.4,SW,Dongsi,87.0
8,16,121.0,2.0,14.0,900.0,224.0,30.5,1002.1,22.4,0.0,2.0,ESE,Changping,118.0
8,14,86.0,11.0,41.0,400.0,216.0,37.1,995.8,19.1,0.0,0.8,SW,Tiantan,42.0
7,13,89.0,2.0,14.0,800.0,164.0,33.8,997.7,26.3,0.0,3.2,SSW,Guanyuan,62.0
6,15,27.0,2.0,12.0,100.0,118.0,37.3,1000.8,9.0,0.0,2.6,W,Wanshouxigong,23.0
6,1,166.0,18.0,35.0,2100.0,170.0,27.1,998.8,19.2,0.0,1.2,SE,Nongzhanguan,166.0
10,0,40.0,4.0,65.0,600.0,4.0,13.3,1006.0,1.0,0.0,1.5,SSE,Changping,17.0
5,9,40.0,11.0,19.0,200.0,91.0,21.2,1004.5,0.9,0.0,3.2,ENE,Aotizhongxin,6.0
9,1,13.0,2.0,49.0,200.0,15.0,17.5,1004.1,16.2,0.0,1.1,NW,Changping,13.0
2,8,22.0,13.0,44.0,500.0,28.0,-1.0,1022.0,-21.8,0.0,2.3,N,Wanliu,13.0
10,2,367.0,2.0,15.0,1700.0,73.0,13.6,1013.1,12.3,0.0,0.9,NNW,Dingling,367.0
11,20,52.0,4.0,49.0,800.0,27.0,5.4,1008.0,-4.2,0.0,0.6,WNW,Huairou,48.0
3,14,17.0,2.0,27.0,300.0,75.0,14.4,1020.9,-15.8,0.0,4.8,NW,Changping,7.0
3,22,282.0,122.0,98.0,4300.0,2.0,2.7,1016.7,-2.6,0.0,2.0,NE,Aotizhongxin,234.0
3,2,135.0,,48.0,,9.0,0.4,1008.6,-6.9,0.0,0.6,S,Huairou,135.0
9,13,38.0,7.0,38.0,600.0,79.0,28.4,1012.1,13.9,0.0,2.0,ENE,Tiantan,38.0
11,22,638.0,39.0,170.0,9500.0,4.0,-1.9,1019.2,-1.9,0.0,0.6,E,Dongsi,638.0
2,12,38.0,6.0,10.0,300.0,56.0,3.0,1016.0,-17.3,0.0,1.1,NE,Shunyi,18.0
6,5,59.0,2.0,54.0,600.0,34.0,20.4,995.0,15.4,0.0,1.6,N,Changping,50.0
5,3,22.0,2.0,19.0,900.0,15.0,9.9,1002.8,5.5,0.1,1.8,W,Dingling,22.0
11,17,79.0,31.0,99.0,1000.0,10.0,9.4,1010.0,-4.2,0.0,1.6,WSW,Guanyuan,53.0
8,10,105.0,2.0,32.0,1100.0,72.0,33.0,1001.0,26.8,0.0,2.0,SW,Dongsi,105.0
8,12,51.0,2.0,49.0,1900.0,33.0,26.0,991.7,22.1,0.0,1.2,ENE,Gucheng,84.0
7,3,69.0,18.0,36.0,,,24.0,994.9,23.5,0.1,0.7,NE,Guanyuan,142.0
1,6,144.0,2.0,53.0,2600.0,10.0,-6.3,1013.2,-9.3,0.0,1.3,NNW,Huairou,144.0
10,10,191.0,15.0,107.0,1400.0,12.0,19.2,1010.2,2.1,0.0,0.5,NW,Wanshouxigong,89.0
4,8,140.0,14.0,42.0,900.0,22.0,10.6,1002.5,6.7,0.0,1.6,S,Changping,170.0
12,3,80.0,53.0,76.0,1900.0,2.0,-7.7,1021.9,-14.1,0.0,0.6,NNW,Dingling,93.0
10,8,28.0,2.0,10.0,300.0,67.0,16.3,1009.4,-0.4,0.0,2.1,NW,Gucheng,13.0
10,9,7.0,2.0,5.0,200.0,73.0,17.8,1016.5,4.7,0.0,3.5,WNW,Dingling,7.0
12,1,562.0,27.0,97.0,5200.0,2.0,-2.9,1028.1,-6.5,0.0,0.9,WSW,Dongsi,429.0
4,17,93.0,7.0,42.0,1100.0,82.0,17.2,1008.5,9.4,0.0,0.9,NE,Aotizhongxin,93.0
5,4,170.0,28.0,51.0,1000.0,90.0,17.2,995.7,13.1,0.0,0.4,W,Wanliu,111.0
5,6,95.0,2.0,46.0,2100.0,2.0,20.8,998.8,16.0,0.0,1.2,NNW,Changping,95.0
8,5,116.0,2.0,37.0,1400.0,50.0,28.2,1006.1,23.1,0.0,1.2,SSW,Dongsi,116.0
3,9,10.0,6.0,,900.0,82.0,1.1,1026.1,-20.6,0.0,2.8,NE,Gucheng,4.0
9,22,79.0,14.28,87.2525,1800.0,29.0,18.5,1009.4,17.5,0.0,1.0,ENE,Wanliu,153.0
11,19,376.0,38.0,170.0,3400.0,2.0,4.5,1010.0,0.8,0.0,0.9,NE,Wanliu,308.0
7,23,119.0,3.0,14.0,1000.0,184.0,21.5,992.5,19.8,18.4,1.7,SW,Dingling,109.0
3,3,66.0,14.0,43.0,800.0,24.0,0.8,1011.1,-4.2,0.0,1.1,SSE,Tiantan,82.0
6,11,177.0,14.0,48.0,1500.0,102.0,25.8,996.6,19.2,0.0,0.8,ESE,Wanliu,177.0
3,6,68.0,24.0,48.0,1500.0,18.0,-2.0,1003.1,-12.1,0.0,0.9,WNW,Changping,60.0
4,8,251.0,8.0,81.0,3700.0,2.0,11.2,1011.2,1.4,0.0,1.4,SSW,Shunyi,221.0
7,11,139.0,23.0,35.0,1500.0,102.0,30.3,999.8,22.2,0.0,1.4,S,Shunyi,113.0
9,7,30.0,2.0,32.0,500.0,2.0,21.7,1003.8,17.7,0.0,1.2,NE,Nongzhanguan,14.0
11,7,172.0,6.0,89.0,3300.0,2.0,-1.3,1011.8,-6.6,0.0,1.3,E,Changping,147.0
7,21,121.0,3.0,30.0,800.0,173.0,30.3,999.1,20.0,0.0,2.1,SSW,Nongzhanguan,89.0
1,10,168.0,32.0,87.0,3400.0,32.0,-1.35,1027.0,-5.6,0.0,1.6,NE,Aotizhongxin,167.0
11,15,17.0,2.0,13.0,300.0,51.0,11.8,1025.6,-6.6,0.0,3.3,NNE,Guanyuan,3.0
12,17,95.0,16.0,89.0,1200.0,6.0,1.5,1022.3,-10.4,0.0,0.9,SW,Wanliu,40.0
11,2,195.0,31.0,93.0,3500.0,4.0,1.4,1019.3,-3.7,0.0,0.6,E,Gucheng,134.0
12,23,132.0,15.0,87.0,2500.0,1.0,1.7,1016.9,-8.4,0.0,1.4,E,Tiantan,141.0
12,7,21.0,20.0,12.0,400.0,45.0,-4.1,1019.0,-15.7,0.0,1.8,NNW,Dingling,15.0
4,12,226.0,47.0,58.0,1300.0,121.0,19.6,1006.3,2.0,0.0,3.4,SSE,Guanyuan,135.0
5,18,78.0,12.0,28.0,700.0,127.0,22.1,1008.4,2.2,0.0,4.8,S,Changping,45.0
6,9,188.0,16.0,40.0,2700.0,111.0,22.9,1010.1,16.4,0.0,1.2,SE,Shunyi,173.0
11,4,84.0,2.0,49.0,1000.0,2.0,2.7,1022.1,2.1,0.0,0.9,NE,Wanshouxigong,84.0
9,17,55.0,1.0,11.0,600.0,182.0,26.2,1010.3,15.3,0.0,2.4,SSW,Dongsi,41.0
4,15,132.0,5.0,52.0,800.0,85.0,17.6,997.6,5.5,0.0,2.7,SSW,Gucheng,132.0
4,22,231.0,75.0,112.0,1700.0,2.0,13.7,1006.1,7.9,0.0,2.5,S,Wanliu,230.0
8,12,47.0,3.0,45.0,900.0,148.0,30.6,998.6,17.3,0.0,2.0,SW,Nongzhanguan,47.0
9,3,23.0,2.0,61.0,800.0,5.0,15.6,1007.8,7.1,0.0,1.0,N,Changping,13.0
5,20,150.0,6.0,37.0,800.0,152.0,29.4,989.1,15.5,0.0,1.1,ENE,Changping,73.0
12,6,248.0,32.0,156.0,7100.0,14.0,-5.3,1032.9,-6.7,0.0,1.2,NE,Nongzhanguan,214.0
8,9,58.0,3.0,41.0,1000.0,80.0,24.0,1010.6,18.4,0.0,1.0,E,Guanyuan,58.0
2,18,51.0,3.0,25.0,300.0,69.0,4.2,1015.2,-24.8,0.0,2.4,N,Tiantan,4.0
1,7,27.0,13.0,49.0,800.0,26.0,-5.1,1030.0,-15.5,0.0,1.6,NE,Tiantan,27.0
7,15,12.0,5.0,12.0,200.0,102.0,31.5,993.0,7.2,0.0,1.8,WNW,Gucheng,7.0
4,5,24.0,10.0,18.0,200.0,61.0,12.7,1015.8,-3.6,0.0,2.5,NE,Aotizhongxin,6.0
8,21,71.0,2.0,47.0,700.0,120.0,28.9,1000.2,16.1,0.0,2.0,WSW,Guanyuan,31.0
7,1,202.0,2.0,15.0,400.0,130.0,22.2,995.7,19.9,23.7,6.5,S,Changping,72.0
8,8,128.0,3.0,38.0,1100.0,93.0,30.2,997.8,24.4,0.0,1.1,NNE,Nongzhanguan,128.0
3,7,135.0,60.0,118.0,2399.0,99.0,5.0,994.7,-2.8,0.0,1.7,ENE,Dongsi,113.0
2,1,87.0,75.0,79.0,1800.0,12.0,0.8,1027.6,-5.9,0.0,1.0,S,Guanyuan,138.0
6,3,81.0,5.0,30.0,1700.0,53.0,21.9,998.9,20.2,0.0,0.5,WNW,Shunyi,62.0
4,19,42.0,2.0,26.0,400.0,94.0,9.3,1024.1,-13.2,0.0,2.6,SW,Tiantan,32.0
11,11,56.0,29.0,69.0,,14.0,11.1,1015.9,-13.8,0.0,1.5,WSW,Dongsi,48.0
11,8,34.0,3.0,2.0,300.0,60.0,-7.3,1031.7,-20.9,0.0,4.9,WNW,Dingling,5.0
3,21,269.0,53.0,2.0,2900.0,2.0,3.6,1010.3,-5.6,0.0,0.6,WSW,Wanliu,123.0
1,20,39.0,12.0,46.0,400.0,44.0,0.0,1028.0,-18.7,0.0,2.1,NNW,Nongzhanguan,13.0
4,14,200.0,17.0,29.0,800.0,112.0,18.8,1012.2,-6.8,0.0,2.5,SSE,Wanshouxigong,67.0
7,7,152.0,2.0,53.0,1100.0,48.0,25.9,999.4,20.2,0.0,1.0,N,Shunyi,152.0
10,11,91.0,20.0,86.0,2100.0,3.0,13.6,1015.7,7.1,0.0,0.9,E,Tiantan,84.0
4,1,122.0,9.0,91.0,1100.0,2.0,9.2,1014.2,6.1,0.0,0.7,NNE,Dongsi,95.0
10,19,149.0,2.0,75.0,1500.0,2.0,10.475,1011.0,7.3,0.1,1.0,SW,Wanliu,83.0
8,5,18.0,3.0,22.0,300.0,38.0,20.3,993.1,19.1,0.0,0.5,N,Huairou,11.0
3,14,20.0,6.0,22.0,400.0,66.0,4.666666667,1024.0,-25.6,0.0,2.6,NW,Guanyuan,18.0
5,1,273.0,12.0,53.0,1000.0,67.0,15.6,1009.1,8.8,0.0,0.5,WNW,Dongsi,273.0
8,15,12.0,2.0,24.0,200.0,88.0,31.8,1006.5,6.1,0.0,2.6,NW,Shunyi,7.0
1,1,62.0,2.0,3.0,200.0,82.0,-1.7,1017.4,-19.2,0.0,2.4,WNW,Huairou,4.0
2,5,6.0,3.0,,600.0,69.0,-13.3,1027.8,-19.6,0.0,1.0,WNW,Huairou,9.0
4,6,33.0,3.0,30.0,700.0,24.0,5.2,1007.6,-8.7,0.0,0.0,NNE,Changping,21.0
9,10,99.0,5.0,98.0,1300.0,3.0,19.0,1017.1,14.3,0.0,1.2,ENE,Dongsi,71.0
11,16,90.0,32.0,98.0,1300.0,2.0,13.1,1010.0,-5.0,0.0,1.1,SW,Wanliu,59.0
4,19,170.0,62.0,67.0,,87.822,15.5,1006.2,3.6,0.0,0.9,SE,Dingling,170.0
6,6,79.0,4.0,54.0,900.0,10.0,23.3,1003.0,16.3,0.0,1.8,ESE,Shunyi,57.0
1,6,235.0,70.0,102.0,3700.0,2.0,-7.4,1024.9,-9.9,0.0,0.8,E,Nongzhanguan,235.0
1,4,19.0,43.0,,500.0,31.0,-1.0,1023.9,-17.3,0.0,1.8,N,Changping,13.0
6,7,61.0,2.0,57.0,600.0,5.0,21.3,999.5,16.3,0.0,1.2,ENE,Wanliu,31.0
4,11,28.0,2.0,23.0,300.0,90.0,19.9,1011.9,-7.5,0.0,1.6,SE,Aotizhongxin,28.0
2,6,15.0,3.0,14.0,400.0,52.0,-1.8,1016.8,-10.9,0.0,0.6,NNW,Huairou,13.0
7,12,87.0,23.0,28.0,1100.0,175.0,30.9,1002.4,18.3,0.0,2.1,SSW,Dongsi,87.0
3,15,14.0,2.0,19.0,200.0,78.0,9.2,1019.6,-19.8,0.0,5.0,WNW,Guanyuan,7.0
8,11,19.0,2.0,16.0,300.0,99.0,32.5,1000.6,11.1,0.0,2.6,E,Nongzhanguan,19.0
5,16,103.0,20.0,22.0,700.0,250.0,30.1,1001.5,11.1,0.0,3.0,SSW,Nongzhanguan,65.0
5,7,147.0,6.0,96.0,1300.0,2.0,16.1,1012.0,10.6,0.0,1.3,ESE,Nongzhanguan,132.0
1,22,270.0,108.0,114.0,3600.0,5.0,-5.2,1018.5,-11.4,0.0,1.0,NNE,Shunyi,229.0
3,7,26.0,28.0,22.0,500.0,43.0,11.6,1014.7,-12.0,0.0,2.7,N,Dingling,15.0
11,18,171.0,26.0,122.0,1300.0,32.0,13.1,1016.0,4.5,0.0,1.1,SSW,Wanliu,155.0
3,10,65.0,9.0,39.0,600.0,56.0,16.2,1016.1,-6.8,0.0,2.1,S,Gucheng,17.0
6,0,162.0,8.0,35.0,1300.0,71.0,23.5,999.6,20.8,0.0,0.6,SSW,Dongsi,162.0
9,19,64.0,2.0,49.0,500.0,108.0,24.1,997.8,14.2,0.0,1.3,E,Changping,16.0
10,2,224.0,22.0,94.0,1000.0,2.0,8.1,1009.1,5.7,0.0,0.8,ESE,Nongzhanguan,156.0
4,21,41.0,13.0,41.0,500.0,102.0,19.1,1001.6,2.4,0.0,1.2,E,Changping,46.0
7,23,113.0,3.0,14.0,1000.0,80.0,22.8,996.6,22.1,0.0,0.6,NW,Huairou,92.0
8,16,63.0,10.0,14.0,600.0,222.0,34.7,989.2,20.7,0.0,2.5,S,Changping,35.0
5,23,96.0,6.0,90.0,400.0,13.0,10.9,997.2,4.4,0.0,0.9,ENE,Wanliu,25.0
1,22,219.0,22.0,124.0,3600.0,30.0,-4.575,1024.5,-9.1,0.0,0.0,,Wanliu,219.0
11,19,31.0,2.0,71.0,500.0,13.0,4.0,1026.0,-4.5,0.0,1.1,SE,Nongzhanguan,9.0
4,22,196.0,4.0,60.0,1300.0,32.0,14.8,1006.7,7.1,0.0,1.9,ESE,Changping,96.0
11,9,70.0,43.0,56.0,1000.0,14.5656,8.0,1015.4,-12.5,0.0,2.1,NE,Huairou,31.0
12,9,171.0,18.0,101.0,4100.0,9.0,-5.0,1027.0,-10.4,0.0,1.0,NE,Tiantan,134.0
7,7,39.0,3.0,44.0,1000.0,16.0,24.8,996.0,22.3,0.0,1.2,SE,Nongzhanguan,18.0
10,9,19.0,6.0,71.0,600.0,5.0,11.3,1029.8,-10.3,0.0,2.8,SSE,Nongzhanguan,19.0
9,4,52.0,2.0,43.0,600.0,43.0,14.3,1005.5,8.7,0.0,0.8,ENE,Changping,37.0
6,3,96.0,6.0,94.0,600.0,2.0,19.9,999.9,19.2,0.0,0.0,SE,Aotizhongxin,96.0
2,16,22.0,4.0,10.0,300.0,97.0,16.0,1011.0,-14.5,0.0,2.8,NW,Wanliu,9.0
7,7,35.0,2.0,22.0,300.0,24.0,24.5,994.9,16.5,0.0,1.1,NE,Huairou,16.0
11,4,13.0,5.0,15.0,400.0,40.0,-3.0,1022.4,-15.7,0.0,1.6,NNE,Dingling,10.0
1,16,120.0,50.0,62.0,1800.0,11.0,0.3,1010.9,-5.3,0.0,0.7,WSW,Dingling,129.0
1,11,28.0,5.0,32.0,600.0,37.0,-1.8,1031.75,-16.8,0.0,2.9,NE,Dongsi,27.0
7,6,61.0,2.0,19.0,700.0,66.0,23.4,999.7,22.6,0.0,0.5,SW,Dongsi,61.0
3,6,242.0,49.0,106.0,2600.0,2.0,-2.2,1014.5,-7.9,0.0,0.6,ESE,Guanyuan,236.0
3,10,124.0,161.0,104.0,2500.0,7.0,6.5,1014.9,-13.2,0.0,1.3,N,Guanyuan,90.0
3,3,6.0,3.0,14.0,,,4.6,1007.3,-12.8,0.0,1.2,NNW,Changping,3.0
5,15,73.0,30.0,49.0,1200.0,79.0,18.3,1004.8,5.2,0.0,1.3,ENE,Dingling,53.0
12,14,40.0,15.0,21.0,500.0,48.0,4.9,1026.0,-18.2,0.0,3.3,ENE,Huairou,22.0
3,2,259.0,41.0,142.0,2400.0,2.0,8.9,1011.5,3.3,0.0,1.6,ENE,Wanliu,230.0
3,23,68.0,19.0,43.0,900.0,26.0,1.0,1018.1,-16.9,0.0,0.4,ENE,Dingling,55.0
10,5,173.0,14.0,37.0,1800.0,1.0,13.6,1003.6,13.1,0.0,0.7,SSE,Nongzhanguan,193.0
6,7,96.0,32.0,32.0,1700.0,34.0,21.8,1002.9,15.2,0.0,2.2,ENE,Wanshouxigong,78.0
3,8,46.0,28.0,67.0,1399.0,9.0,8.6,1022.3,-14.4,0.0,2.8,NE,Tiantan,14.0
6,16,23.0,10.0,22.0,700.0,248.0,33.7,1000.2,6.9,0.0,1.6,WSW,Tiantan,45.0
1,14,6.0,16.0,21.0,500.0,72.0,6.1,1018.0,-14.6,0.0,2.2,NE,Gucheng,18.0
9,5,23.0,2.0,20.0,600.0,86.0,18.4,1010.75,17.6,14.0,2.1,NE,Nongzhanguan,23.0
7,20,76.0,2.0,22.0,500.0,,30.7,1001.0,15.5,0.0,1.6,SSE,Dingling,48.0
8,1,137.0,5.0,31.0,1100.0,128.0,27.5,1003.5,21.3,0.0,1.9,W,Nongzhanguan,86.0
12,20,111.0,14.0,94.0,1900.0,2.0,-1.1,1024.8,-8.8,0.0,0.0,SW,Wanshouxigong,82.0
10,11,10.0,2.0,14.0,200.0,51.0,14.6,1024.1,-8.8,0.0,1.5,NE,Shunyi,10.0
7,20,99.0,9.0,41.0,1100.0,172.0,28.9,1001.7,20.1,0.0,1.8,SSE,Dongsi,99.0
5,13,201.0,41.0,39.0,1200.0,119.0,25.9,999.4,16.7,0.0,3.7,SW,Wanliu,163.0
8,21,39.0,2.0,55.0,1400.0,43.0,21.0,1008.0,17.2,0.0,1.2,WNW,Aotizhongxin,39.0
4,14,194.0,35.0,51.0,1300.0,91.0,24.3,1002.3,13.8,0.0,2.4,S,Wanliu,171.0
3,1,34.0,4.0,45.0,800.0,25.0,9.0,1010.0,-6.1,0.0,1.3,ENE,Changping,21.0
5,15,18.0,6.0,6.0,300.0,120.0,25.6,1003.6,1.6,0.0,3.0,SSE,Dingling,8.0
11,10,173.0,46.0,78.0,3900.0,2.5704,6.8,1018.3,1.1,0.0,0.6,NE,Nongzhanguan,138.0
2,18,236.0,89.0,96.0,2700.0,19.0,7.6,1019.1,3.1,0.3,3.4,NW,Tiantan,285.0
9,0,36.0,2.0,27.0,500.0,100.0,21.3,1007.2,16.9,0.0,1.5,E,Guanyuan,36.0
9,10,123.0,13.0,71.0,1200.0,6.0,22.0,1007.0,15.6,0.0,1.4,NE,Guanyuan,61.0
11,12,21.0,9.0,54.0,600.0,30.0,10.5,1008.0,-15.1,0.0,4.4,NW,Shunyi,21.0
12,14,241.0,53.0,112.0,3000.0,11.0,5.5,1017.6,-3.9,0.0,0.9,NNE,Wanliu,240.0
10,19,153.0,8.0,107.0,1400.0,5.0,10.8,1019.0,7.3,0.0,0.3,NNW,Tiantan,121.0
3,6,186.0,17.0,83.0,1100.0,2.0,4.3,1009.7,-3.5,0.0,0.6,WNW,Wanshouxigong,61.0
5,9,137.0,16.0,78.0,700.0,30.0,26.4,1002.7,6.9,0.0,1.0,NNW,Guanyuan,47.0
3,1,5.0,29.0,68.0,900.0,19.0,1.0,1018.3,-13.5,0.0,0.7,WNW,Wanshouxigong,23.0
8,22,186.0,3.0,78.0,2200.0,2.0,28.4,994.1,28.1,0.0,0.8,E,Tiantan,184.0
7,2,95.0,9.0,42.0,800.0,38.0,21.0,1002.8,11.6,0.0,1.4,E,Guanyuan,26.0
12,2,118.0,60.0,66.0,2100.0,2.0,2.6,1017.0,-9.0,0.0,1.5,SW,Tiantan,121.0
1,18,149.0,56.0,83.0,3100.0,5.0,-4.5,1029.9,-14.4,0.0,0.9,ESE,Shunyi,140.0
12,9,202.0,15.0,86.0,3600.0,3.0,1.5,1022.7,-1.1,0.0,1.1,WSW,Changping,184.0
7,21,116.0,2.0,26.0,900.0,165.0,32.0,994.1,22.7,0.0,1.8,SSE,Changping,66.0
10,15,77.0,2.0,55.0,1600.0,4.0,16.0,1016.9,13.3,0.0,1.5,N,Gucheng,76.0
2,14,126.0,16.0,94.0,2100.0,2.0,-2.2,1020.3,-5.9,0.0,2.1,SSE,Changping,93.0
1,19,83.0,19.0,72.0,1200.0,13.0,-1.8,1024.1,-15.3,0.0,1.3,N,Changping,54.0
12,21,45.0,12.0,44.0,800.0,23.0,1.0,1024.0,-15.5,0.0,1.3,NNW,Dongsi,12.0
5,9,35.0,6.0,50.0,700.0,53.0,26.0,996.8,6.1,0.0,2.3,NW,Guanyuan,35.0
4,12,30.0,2.0,6.0,300.0,101.0,18.1,1005.6,-12.9,0.0,3.8,WNW,Gucheng,9.0
10,7,238.0,2.0,23.0,1700.0,17.0,9.9,1003.3,8.5,0.0,0.6,NW,Dingling,238.0
5,11,46.0,12.0,23.0,600.0,158.0,27.5,1002.4,6.8,0.0,3.6,SW,Guanyuan,40.0
12,17,163.0,13.0,26.0,300.0,55.0,7.7,1003.9,-15.2,0.0,2.9,NW,Changping,20.0
9,4,9.0,3.0,38.0,300.0,18.0,16.9,997.2,13.0,0.0,1.4,NW,Changping,9.0
9,20,170.0,11.0,29.0,1000.0,150.0,25.4,1000.3,18.1,0.0,1.0,E,Changping,118.0
2,7,66.0,,,,,-1.2,1023.2,-10.8,0.0,1.1,ENE,Wanshouxigong,66.0
6,7,137.0,2.0,31.0,1200.0,63.0,24.4,998.3,18.3,0.0,0.7,SW,Gucheng,125.0
2,2,115.0,,,,,-2.5,1025.9,-4.5,0.0,1.5,ESE,Tiantan,115.0
12,16,493.0,36.0,173.0,7600.0,4.0,1.7,1007.9,-1.6,0.0,0.9,ESE,Changping,444.0
5,13,156.0,37.0,27.0,,134.3034,24.6,997.1,14.1,0.0,2.1,S,Gucheng,124.0
10,14,29.0,18.0,37.0,900.0,47.0,15.7,1017.5,-0.5,0.0,1.6,SW,Guanyuan,29.0
8,19,19.0,4.0,28.0,300.0,61.0,19.4,1005.3,13.1,0.0,0.0,E,Aotizhongxin,11.0
11,16,23.0,3.0,17.0,400.0,12.0,6.2,1022.0,0.3,0.0,5.0,ENE,Huairou,23.0
10,12,25.0,10.0,27.0,400.0,50.0,15.6,1021.8,-5.5,0.0,1.4,SE,Gucheng,13.0
9,3,92.0,2.0,124.0,1000.0,18.0,20.4,1012.8,16.0,0.0,1.3,ENE,Aotizhongxin,67.0
4,23,190.0,10.0,51.0,700.0,82.0,19.6,1013.0,3.3,0.0,1.8,WSW,Guanyuan,52.0
9,10,200.0,22.0,122.0,2100.0,7.0,19.2,1008.4,12.5,0.0,1.9,ENE,Nongzhanguan,133.0
11,11,14.0,6.0,17.0,500.0,44.0,0.0,1023.0,-8.7,0.0,5.2,NW,Changping,14.0
8,1,156.0,5.0,35.0,1000.0,99.0,28.5,997.8,21.3,0.0,3.4,SW,Wanshouxigong,102.0
10,5,255.0,5.0,105.0,2300.0,2.0,14.8,1015.0,14.8,0.0,0.7,NE,Guanyuan,255.0
8,21,33.0,4.0,9.0,1200.0,141.0,25.4,1000.9,17.3,0.0,1.4,SE,Huairou,33.0
9,22,16.0,2.0,22.0,600.0,15.0,17.1,1008.0,16.3,0.6,0.9,E,Dingling,16.0
11,19,131.0,21.0,125.0,2500.0,2.0,1.7,1028.0,-7.4,0.0,1.8,ENE,Aotizhongxin,94.0
5,1,115.0,23.0,68.0,1500.0,70.0,17.7,1006.9,9.1,0.0,0.4,NE,Gucheng,65.0
1,0,143.0,64.0,116.0,3600.0,3.0,-4.2,1030.2,-10.2,0.0,1.4,E,Guanyuan,139.0
8,12,16.0,2.0,18.0,600.0,72.0,25.3,1002.3,17.7,0.0,1.1,NW,Gucheng,14.0
2,17,76.0,8.0,29.0,500.0,74.0,7.5,1007.8,-17.5,0.0,4.8,WNW,Changping,16.0
2,3,19.0,18.0,21.0,500.0,55.0,3.0,1019.0,-11.0,0.0,1.3,ENE,Nongzhanguan,19.0
9,16,6.0,2.0,2.0,300.0,93.0,31.8,1005.7,15.3,0.0,1.2,NNE,Wanliu,5.0
5,13,184.0,44.0,61.0,1600.0,80.0,24.6,1006.7,11.5,0.0,2.6,SSW,Tiantan,128.0
6,19,63.0,15.0,33.0,600.0,146.0,23.2,997.8,20.7,0.2,0.9,ESE,Wanliu,53.0
9,5,61.0,2.0,41.0,600.0,35.0,18.6,1007.4,17.6,0.1,0.6,SW,Gucheng,61.0
9,0,74.0,5.0,73.0,800.0,19.0,19.0,1009.1,17.1,0.4,1.4,SSW,Wanshouxigong,33.0
7,5,167.0,4.0,58.0,1800.0,12.0,24.1,1003.8,23.1,0.0,0.9,ESE,Nongzhanguan,167.0
9,13,20.0,5.0,27.0,400.0,45.0,25.6,1008.9,14.7,0.0,0.8,SSW,Wanliu,20.0
4,6,11.0,2.0,14.0,400.0,92.0,6.3,1024.8,-2.8,0.0,2.2,N,Wanshouxigong,11.0
10,19,10.0,3.0,48.0,500.0,18.0,6.3,1027.3,-0.5,0.0,0.0,NE,Dongsi,10.0
12,4,63.0,24.0,71.0,100.0,2.0,0.4,1020.8,-9.1,0.0,0.9,NE,Wanliu,63.0
2,22,89.0,32.0,83.0,1500.0,6.0,0.3,1012.8,-8.2,0.0,0.5,WSW,Wanliu,75.0
5,23,77.0,14.0,51.0,500.0,109.0,20.5,1014.1,10.0,0.0,1.7,ESE,Shunyi,60.0
4,5,150.0,26.0,111.0,900.0,2.0,4.1,1010.5,-6.2,0.0,0.6,NE,Aotizhongxin,60.0
3,8,90.0,9.0,36.0,1600.0,2.0,-2.1,1009.7,-10.2,0.0,0.7,NNW,Huairou,66.0
4,20,118.0,6.0,101.0,1000.0,68.0,19.3,1006.7,12.6,0.0,1.0,SW,Wanliu,56.0
6,4,95.0,6.0,34.0,1100.0,88.0,22.9,993.7,16.9,0.0,0.6,NW,Changping,78.0
10,9,142.0,2.0,47.0,1200.0,2.0,14.0,1011.0,13.2,0.0,0.6,NNW,Huairou,142.0
1,12,66.0,3.0,8.0,300.0,65.0,-2.45,1026.0,-21.6,0.0,6.8,NW,Nongzhanguan,14.0
3,16,34.0,17.0,10.0,200.0,86.0,14.1,1006.9,-16.0,0.0,3.8,WNW,Dingling,16.0
3,14,132.0,58.0,64.0,1900.0,44.0,8.5,1014.3,-6.5,0.0,2.5,SSE,Shunyi,112.0
8,21,195.0,11.0,39.0,1500.0,153.0,26.5,1001.7,23.0,0.0,0.4,E,Dongsi,156.0
11,11,6.0,2.0,6.0,300.0,2.142,5.7,1009.1,-15.0,0.0,2.0,WNW,Huairou,6.0
2,21,12.0,2.0,2.0,600.0,82.0,-2.1,1026.2,-22.1,0.0,2.0,NNE,Huairou,4.0
3,18,91.0,2.0,23.0,400.0,94.0,21.8,1008.5,-1.5,0.0,3.2,NNW,Nongzhanguan,25.0
12,13,16.0,2.0,8.0,300.0,69.0,4.3,1025.5,-15.6,0.0,1.1,NNE,Shunyi,16.0
9,8,6.0,1.0,28.0,500.0,28.0,15.3,1011.2,10.7,0.3,0.9,WNW,Gucheng,6.0
10,2,100.0,2.0,86.0,1100.0,2.0,11.4,1014.0,9.0,0.0,0.6,SSW,Shunyi,100.0
6,10,60.0,4.284,56.6628,900.0,25.0,22.8,999.5,21.1,0.0,1.7,NE,Wanliu,85.0
7,17,21.0,,,,,32.0,996.3,23.5,0.0,1.1,NW,Dongsi,21.0
1,2,33.0,12.0,28.0,200.0,50.0,-3.1,1025.0,-17.0,0.0,1.3,NE,Changping,15.0
6,15,109.0,36.0,26.0,1500.0,223.0,28.6,996.3,12.9,0.0,3.3,E,Nongzhanguan,76.0
5,10,119.0,8.0,57.0,700.0,48.0,20.5,1008.7,8.8,0.0,1.7,NE,Guanyuan,41.0
6,23,26.0,3.0,15.0,700.0,140.0,21.1,999.5,21.1,0.2,1.5,ENE,Shunyi,26.0
1,7,260.0,11.0,111.0,6300.0,6.0,-7.4,1025.1,-9.8,0.0,0.9,NE,Wanshouxigong,260.0
1,5,267.0,12.0,113.0,5600.0,6.0,-6.6,1024.6,-9.2,0.0,1.0,E,Wanshouxigong,267.0
6,22,133.0,3.0,28.0,1100.0,138.0,25.5,999.8,23.0,0.0,0.6,ENE,Shunyi,224.0
11,8,36.0,11.0,33.0,500.0,7.0,4.2,1014.1,-11.1,0.0,2.9,NNW,Guanyuan,16.0
12,21,40.0,5.0,7.0,300.0,60.0,-2.5,1030.0,-24.3,0.0,5.2,NW,Shunyi,3.0
4,3,87.0,48.0,102.0,700.0,23.0,10.6,1003.9,3.6,0.0,0.0,NE,Wanliu,58.0
3,9,158.0,21.0,90.0,1400.0,,12.4,1016.0,1.1,0.0,0.9,SSW,Gucheng,91.0
12,20,242.0,21.0,99.0,3700.0,2.0,1.2,1025.1,0.5,0.0,1.2,NE,Guanyuan,242.0
1,14,206.0,53.0,133.0,3500.0,12.0,8.0,1012.4,-6.2,0.0,1.2,NE,Wanliu,206.0
2,18,23.0,2.0,14.0,400.0,74.0,9.2,1012.0,-15.4,0.0,1.7,NNE,Dongsi,10.0
11,18,9.0,11.0,21.0,200.0,34.4862,4.0,1020.3,-12.9,0.0,1.1,N,Aotizhongxin,6.0
7,8,116.0,2.0,97.0,1200.0,19.0,27.8,1003.7,19.8,0.0,1.3,ENE,Aotizhongxin,116.0
9,5,16.0,2.0,14.0,400.0,40.0,15.0,1006.5,13.4,0.0,1.0,N,Shunyi,16.0
2,0,106.0,31.0,61.0,1000.0,22.0,2.1,1022.7,-15.5,0.0,2.2,WSW,Tiantan,62.0
2,11,267.0,96.0,75.0,500.0,6.0,3.5,1021.3,-4.2,0.0,0.8,NNE,Huairou,238.0
7,8,216.0,6.0,35.0,1300.0,60.0,25.5,1004.4,20.7,0.0,1.9,ESE,Guanyuan,216.0
4,7,64.0,3.0,31.0,200.0,66.0,13.5,1010.4,-1.3,0.0,1.4,ENE,Wanliu,7.0
5,22,50.0,4.0,55.0,800.0,27.0,12.1,1013.7,4.6,0.0,1.1,ESE,Guanyuan,34.0
3,9,252.0,63.0,112.0,2700.0,71.0,12.4,1018.8,-1.2,0.0,0.0,E,Gucheng,248.0
10,15,152.0,32.0,39.0,1100.0,160.0,24.7,1009.4,6.9,0.0,2.4,S,Nongzhanguan,152.0
4,0,50.0,15.0,43.0,900.0,30.0,7.1,1003.5,2.6,0.0,0.0,N,Tiantan,57.0
8,0,22.0,3.0,29.0,600.0,58.0,22.7,1006.4,18.2,0.0,0.9,ESE,Tiantan,22.0
3,19,84.0,26.0,58.0,800.0,95.0,8.3,1020.9,-12.8,0.0,3.2,SSW,Nongzhanguan,60.0
6,6,59.0,2.0,64.0,800.0,15.0,18.7,992.8,15.9,0.0,0.7,NNE,Gucheng,32.0
12,20,161.0,41.0,108.0,3500.0,7.0,-1.5,1021.0,-5.9,0.0,0.2,,Shunyi,143.0
5,23,223.0,18.0,28.0,1100.0,141.0,20.5,1000.7,13.7,0.0,0.4,ENE,Dingling,140.0
10,10,107.0,6.0,47.0,1000.0,24.0,16.2,1015.9,13.1,0.0,0.9,SSW,Nongzhanguan,107.0
3,16,29.0,5.0,2.0,300.0,103.0,18.7,1016.4,-12.4,0.0,3.3,WNW,Wanshouxigong,5.0
3,13,292.0,46.0,100.0,1800.0,80.0,19.3,1002.5,6.4,0.0,2.5,SSW,Dongsi,250.0
11,10,43.0,5.0,33.0,2300.0,2.0,0.1,1023.9,-0.3,0.5,1.5,E,Tiantan,43.0
12,0,177.0,93.0,78.0,2800.0,1.0,6.0,1015.3,-6.0,0.0,1.0,ENE,Aotizhongxin,125.0
1,3,21.0,4.0,20.0,400.0,58.0,-7.1,1035.1,-22.6,0.0,4.3,N,Nongzhanguan,9.0
12,3,102.0,8.0,69.0,1700.0,4.0,0.5,1017.7,-4.0,0.0,0.7,SSE,Wanshouxigong,102.0
1,3,128.0,34.0,86.0,3100.0,3.0,-5.0,1018.3,-17.5,0.0,0.9,WNW,Wanshouxigong,83.0
3,3,47.0,2.0,41.0,300.0,16.0,12.3,1017.0,-12.1,0.0,1.8,NW,Tiantan,8.0
4,23,6.0,3.0,28.0,300.0,83.0,8.5,1019.7,-18.4,0.0,1.7,NE,Nongzhanguan,3.0
11,2,261.0,14.0,91.0,5100.0,7.0,7.2,1013.5,5.5,0.0,1.2,NE,Aotizhongxin,261.0
10,2,170.0,2.0,98.0,1900.0,2.0,16.5,1011.1,13.0,0.0,0.9,NE,Tiantan,167.0
3,15,256.0,13.0,17.0,300.0,72.0,20.4,1005.7,-4.0,0.0,3.2,NW,Wanliu,27.0
5,14,172.0,68.0,40.0,1800.0,196.0,30.0,1002.9,12.4,0.0,2.4,SSW,Guanyuan,88.0
12,14,44.0,26.0,42.0,800.0,25.0,0.5,1017.0,-23.2,0.0,1.5,NNW,Shunyi,31.0
3,6,31.0,10.0,11.0,500.0,80.0,4.2,1013.8,-15.1,0.0,0.0,WSW,Gucheng,7.0
6,11,89.0,2.0,37.0,500.0,84.0,25.9,995.7,19.1,0.0,1.5,SSW,Changping,89.0
12,1,11.0,4.0,13.0,500.0,58.0,-2.1,1026.0,-19.5,0.0,1.6,NNE,Changping,11.0
12,7,59.0,17.0,63.0,1300.0,2.0,-2.4,1023.7,-6.1,0.0,1.1,ENE,Guanyuan,59.0
4,9,123.0,40.0,56.0,1000.0,46.0,13.4,996.8,-2.6,0.0,1.8,SSE,Changping,67.0
4,1,186.0,23.0,107.0,2100.0,2.0,10.2,1000.9,0.5,0.0,1.2,ENE,Shunyi,129.0
9,17,100.0,13.0,18.0,700.0,211.0,27.3,1009.2,15.3,0.0,1.9,S,Shunyi,58.0
6,5,16.0,2.0,22.0,500.0,32.0,15.6,998.7,14.0,0.0,1.0,NE,Wanshouxigong,16.0
12,3,174.0,47.0,111.0,3900.0,2.0,-2.2,1025.0,-4.4,0.0,1.3,E,Guanyuan,164.0
12,22,34.0,16.0,64.0,1100.0,4.0,0.6,1026.2,-10.6,0.0,1.1,ESE,Gucheng,27.0
9,17,22.0,2.0,42.0,400.0,41.0,20.5,1013.8,10.3,0.0,1.0,E,Tiantan,6.0
5,3,137.0,2.0,75.0,1400.0,23.0,19.4,1003.0,14.2,0.0,1.0,E,Tiantan,115.0
9,23,100.0,19.0,53.0,1500.0,82.0,20.3,1012.4,18.4,0.0,0.2,SW,Dongsi,78.0
12,14,25.0,2.0,17.0,400.0,52.0,-1.3,1022.3,-23.3,0.0,4.9,WNW,Changping,6.0
5,23,22.0,3.0,85.0,800.0,5.0,22.5,1003.0,0.9,0.0,2.7,NNW,Guanyuan,78.0
3,9,51.0,37.0,29.0,600.0,52.0,22.1,1007.5,-4.9,0.0,2.0,NNW,Changping,26.0
7,7,180.0,7.0,55.0,1900.0,24.0,25.2,997.3,22.7,0.0,0.7,WSW,Gucheng,179.0
6,18,99.0,2.0,25.0,700.0,229.0,32.1,990.4,21.9,0.0,2.1,ESE,Dingling,79.0
1,17,44.0,18.0,60.0,1200.0,26.0,0.0,1027.0,-19.8,0.0,2.0,W,Aotizhongxin,35.0
12,16,193.0,45.0,102.0,2100.0,12.0,3.9,1017.1,-4.6,0.0,1.9,S,Wanshouxigong,193.0
12,11,25.0,13.0,44.0,800.0,34.0,2.0,1021.0,-19.9,0.0,2.0,ENE,Dongsi,19.0
12,6,43.0,27.0,47.0,1300.0,6.426,-5.4,1010.1,-10.4,0.0,0.8,WNW,Huairou,41.0
5,3,12.0,3.0,6.0,200.0,49.0,17.6,994.3,-7.0,0.0,2.8,NW,Dingling,12.0
10,15,78.0,15.0,34.0,600.0,78.183,16.6,1010.8,-1.1,0.0,0.7,SSE,Huairou,40.0
2,23,29.0,6.0,9.0,300.0,74.0,5.1,1016.3,-12.4,0.0,2.0,NNE,Shunyi,29.0
4,14,18.0,4.0,15.0,200.0,106.0,12.6,1025.3,-16.1,0.0,1.5,WNW,Tiantan,18.0
1,20,254.0,92.0,122.0,4600.0,2.0,2.0,1007.0,-12.3,0.0,2.9,WNW,Huairou,141.0
4,10,208.0,35.0,84.0,1300.0,67.0,25.8,1003.9,5.9,0.0,1.1,SSW,Guanyuan,175.0
3,18,20.0,6.0,31.0,400.0,76.0,8.8,997.3,-5.1,0.0,4.4,SSW,Changping,18.0
6,23,149.0,2.0,56.0,1100.0,30.0,20.9,1001.2,19.9,0.0,1.3,E,Guanyuan,149.0
7,2,103.0,10.0,64.0,1100.0,18.0,24.9,1005.8,20.8,0.0,2.1,ESE,Dongsi,84.0
3,5,450.0,25.0,80.0,1400.0,13.0,12.9,1005.0,3.5,0.0,0.5,NE,Dongsi,116.0
12,21,172.0,21.0,93.0,2700.0,2.0,-1.4,1029.1,-1.8,0.0,0.8,ESE,Guanyuan,165.0
7,20,99.0,13.0,41.0,1500.0,207.0,26.5,1003.0,15.2,0.0,1.5,SW,Wanliu,70.0
1,13,93.0,29.0,37.0,800.0,35.0,-2.4,1021.25,-9.4,0.0,2.8,SE,Gucheng,70.0
4,8,551.0,36.0,51.0,1300.0,24.0,15.2,1019.8,0.2,0.0,2.2,SW,Nongzhanguan,86.0
9,6,56.0,1.0,52.0,700.0,1.0,18.5,1012.5,17.2,0.0,0.7,NW,Dongsi,29.0
2,12,143.0,50.0,93.0,300.0,9.0,4.1,1014.2,-16.9,0.0,1.7,S,Changping,143.0
11,16,34.0,6.0,27.0,400.0,68.0,11.9,1023.0,-12.4,0.0,1.1,W,Wanshouxigong,11.0
7,17,143.0,5.0,16.0,1100.0,218.0,29.4,995.2,22.4,0.0,0.6,SSE,Huairou,110.0
2,17,149.0,16.0,41.0,1700.0,21.0,2.0,1013.0,0.7,0.0,0.7,WNW,Gucheng,149.0
3,14,10.0,5.0,5.0,300.0,80.0,3.5,1027.6,-23.3,0.0,4.6,NW,Wanshouxigong,10.0
6,2,28.0,6.0,25.0,500.0,128.0,18.4,1000.5,14.9,0.0,0.5,SSE,Gucheng,23.0
12,18,291.0,37.0,134.0,4000.0,2.0,-2.2,1020.3,-3.5,0.0,1.0,ENE,Guanyuan,250.0
2,21,157.0,70.0,100.0,2600.0,10.0,-2.4,1025.7,-12.7,0.0,1.0,ENE,Changping,155.0
10,5,170.0,8.0,64.0,2300.0,19.0,16.4,1017.2,11.1,0.0,4.2,SSE,Shunyi,170.0
4,21,78.0,7.0,75.0,700.0,17.9928,4.0,1013.1,-4.2,0.0,0.7,SW,Aotizhongxin,24.0
6,2,57.0,3.0,36.0,700.0,37.0,20.4,998.4,18.5,0.0,0.1,W,Gucheng,30.0
9,16,154.0,15.0,40.0,800.0,186.0,24.0,1008.8,8.8,0.0,2.3,SSW,Guanyuan,108.0
10,10,21.0,2.0,23.0,400.0,41.0,12.7,1019.8,-2.4,0.0,3.2,NW,Guanyuan,9.0
4,6,394.0,2.0,11.0,300.0,73.0,15.3,1000.0,1.4,0.0,2.2,NW,Dingling,105.0
9,23,27.0,2.0,29.0,900.0,81.0,20.0,1006.9,19.3,0.0,1.0,SW,Tiantan,27.0
10,18,245.0,2.0,109.0,1900.0,27.0,14.6,1016.6,13.1,0.0,0.6,N,Nongzhanguan,245.0
4,19,23.0,3.0,,300.0,99.1746,12.4,1007.9,-13.6,0.0,0.6,E,Dingling,11.0
10,1,10.0,2.0,16.0,200.0,46.0,20.2,1012.5,0.6,0.0,3.1,NNW,Changping,10.0
2,12,5.0,12.0,2.0,300.0,75.0,1.0,1026.0,-28.5,0.0,2.4,WNW,Dingling,3.0
4,10,49.0,2.0,14.0,300.0,72.0,18.1,1012.0,-10.8,0.0,2.7,ENE,Guanyuan,16.0
11,2,226.0,46.0,106.0,3500.0,2.0,4.1,1026.0,-2.5,0.0,1.6,ENE,Wanliu,132.0
1,8,79.0,53.0,77.0,2100.0,,-4.8,1029.2,-9.8,0.0,0.4,SSE,Wanliu,38.0
8,9,46.0,2.0,17.0,600.0,69.0,28.4,1007.1,15.7,0.0,2.3,ENE,Shunyi,20.0
4,21,302.0,27.0,96.0,1200.0,49.0,20.1,1001.2,4.9,0.0,1.2,WSW,Gucheng,124.0
9,18,135.0,27.0,23.0,1000.0,193.0,26.3,1008.9,16.5,0.0,2.1,S,Dongsi,87.0
10,2,19.0,2.0,17.0,400.0,46.0,19.3,1008.1,12.8,0.0,2.0,E,Gucheng,19.0
5,9,110.0,8.0,,,65.9736,24.0,993.8,-6.1,0.0,4.2,S,Huairou,26.0
9,8,49.0,2.0,55.0,800.0,8.0,23.2,1005.9,15.8,0.0,2.1,NNE,Wanshouxigong,21.0
2,1,28.0,10.0,25.0,900.0,49.0,0.1,1018.2,-10.7,0.0,0.8,S,Gucheng,18.0
11,9,50.0,17.0,25.0,1200.0,19.0,-2.6,1028.9,-7.0,0.0,1.0,ENE,Dingling,50.0
5,9,109.0,9.0,51.0,800.0,30.0,21.4,997.7,12.5,0.0,1.3,SSE,Shunyi,73.0
6,11,64.0,22.0,56.0,1000.0,87.0,30.5,1001.6,18.9,0.0,1.5,WSW,Wanliu,57.0
4,16,175.0,23.0,74.0,800.0,117.0,24.2,1005.2,1.7,0.0,1.6,S,Wanliu,104.0
2,11,11.0,7.0,8.0,300.0,65.0,1.4,1022.6,-22.5,0.0,5.0,NW,Dongsi,11.0
3,23,369.0,27.0,137.0,4100.0,2.0,5.0,1011.1,1.1,0.0,1.3,E,Wanshouxigong,369.0
8,18,15.0,2.0,24.0,500.0,57.0,28.2,999.5,22.2,0.0,0.5,N,Wanliu,15.0
8,19,145.0,2.0,37.0,800.0,159.0,30.0,994.8,15.7,0.0,0.9,SSW,Gucheng,38.0
11,6,65.0,7.0,51.0,1100.0,5.0,3.6,1019.3,0.1,0.0,2.0,SE,Changping,41.0
7,22,5.0,2.0,9.0,200.0,163.0,29.2,996.1,13.8,0.0,1.7,NW,Dingling,3.0
9,17,57.0,3.0,25.0,300.0,207.0,30.4,1001.7,16.0,0.0,2.5,SSE,Aotizhongxin,31.0
11,11,73.0,47.0,44.0,800.0,,10.0,1015.2,-7.7,0.0,1.3,ESE,Huairou,50.0
8,0,39.0,2.0,35.0,600.0,57.0,24.4,1002.4,21.5,0.0,0.4,NNE,Gucheng,26.0
12,2,556.0,9.0,160.0,7600.0,4.0,-3.5,1013.1,-3.5,0.0,1.0,ESE,Guanyuan,498.0
5,0,26.0,2.0,17.0,200.0,76.0,18.3,992.9,5.2,0.0,0.8,WNW,Huairou,5.0
1,12,34.0,7.0,,400.0,,6.7,1023.0,-18.2,0.0,2.6,ENE,Dongsi,6.0
12,8,92.0,12.0,62.0,2000.0,2.0,-8.8,1016.0,-15.0,0.0,0.7,ESE,Huairou,71.0
6,21,173.0,3.0,19.0,500.0,122.0,21.4,998.4,20.7,0.1,1.6,N,Tiantan,50.0
3,12,40.0,11.0,39.0,700.0,58.0,16.5,1025.6,-19.5,0.0,2.1,N,Shunyi,29.0
12,18,56.0,31.0,41.0,900.0,25.0,-0.5,1020.9,-18.6,0.0,1.2,WNW,Changping,42.0
4,12,162.0,8.0,52.0,500.0,62.0,21.4,999.2,-2.5,0.0,1.8,ESE,Dingling,57.0
11,9,97.0,5.0,59.0,2100.0,2.0,5.6,1027.5,4.1,0.0,0.9,ENE,Dongsi,97.0
11,21,22.0,5.0,68.0,400.0,11.0,10.0,1015.0,-10.2,0.0,1.1,NW,Nongzhanguan,12.0
11,18,11.0,1.0,8.0,300.0,66.1878,6.3,1015.3,-11.8,0.0,2.3,NW,Huairou,5.0
5,1,144.0,14.0,96.0,600.0,2.0,14.4,1001.6,8.6,0.0,0.6,WNW,Wanshouxigong,44.0
6,2,29.0,2.0,7.0,500.0,95.0,18.2,989.8,16.9,0.0,1.0,NNE,Dingling,29.0
11,11,208.0,3.0,57.0,2500.0,2.0,7.1,1019.3,4.4,0.0,1.1,ENE,Guanyuan,208.0
2,5,317.0,50.0,50.0,1700.0,19.0,0.0,1024.0,-10.8,0.0,2.1,SE,Tiantan,274.0
10,11,274.0,13.0,108.0,1900.0,21.0,18.5,1017.8,13.6,0.0,1.5,N,Guanyuan,257.0
7,5,71.0,2.0,82.0,600.0,62.0,24.8,988.9,16.5,0.0,0.9,NW,Changping,67.0
11,16,55.0,8.0,17.0,400.0,50.0,11.1,1023.0,-4.6,0.0,1.8,NNW,Aotizhongxin,14.0
8,15,93.0,7.0,12.0,500.0,203.0,33.2,1002.7,13.8,0.0,3.6,S,Dingling,44.0
3,17,90.0,2.0,18.0,300.0,103.0,20.0,1012.9,-8.4,0.0,1.3,E,Aotizhongxin,16.0
6,17,141.0,14.0,26.0,1300.0,379.0,30.6,992.7,16.6,0.0,2.3,NE,Huairou,117.0
11,3,61.0,9.0,52.0,1100.0,4.9266,2.5,1011.9,-5.2,0.0,1.1,NNW,Changping,60.0
9,5,17.0,2.0,10.0,900.0,90.0,19.4,1005.6,18.9,0.8,1.2,ENE,Nongzhanguan,17.0
3,5,58.0,15.0,80.0,700.0,2.0,1.8,1017.6,-4.7,0.0,0.2,SSW,Wanliu,27.0
6,5,18.0,3.0,21.0,300.0,34.0,20.9,1003.1,9.2,0.0,0.8,WSW,Guanyuan,9.0
6,13,11.0,2.0,11.0,300.0,110.0,28.6,996.6,9.8,0.0,2.7,ENE,Wanshouxigong,6.0
7,1,98.0,11.0,56.0,1100.0,45.0,24.3,1000.7,21.0,0.0,0.5,SW,Nongzhanguan,74.0
6,9,167.0,26.0,116.0,1700.0,35.0,25.8,1003.3,10.8,0.0,1.4,E,Guanyuan,95.0
12,10,67.0,7.0,28.0,,35.5572,8.5,1020.8,-11.5,0.0,3.0,NE,Guanyuan,11.0
10,8,5.0,16.0,23.0,400.0,39.0,18.4,1017.7,0.9,0.0,2.6,N,Wanshouxigong,5.0
10,16,359.0,18.0,57.0,2200.0,245.0,24.5,1010.4,15.7,0.0,1.7,SSE,Wanshouxigong,359.0
3,17,170.0,118.0,83.0,1500.0,65.0,11.2,1002.8,-5.8,0.0,0.5,N,Huairou,149.0
1,21,159.0,38.0,118.0,2200.0,12.0,-3.6,1021.1,-12.3,0.0,0.7,WSW,Nongzhanguan,149.0
11,7,139.0,24.0,83.0,2400.0,2.0,3.5,1028.0,1.4,0.0,1.1,ENE,Guanyuan,95.0
8,10,26.0,2.0,6.0,300.0,72.0,26.8,998.0,15.5,0.0,2.0,E,Huairou,14.0
8,2,37.0,2.0,92.0,500.0,2.0,19.3,1000.5,18.3,0.0,0.9,ENE,Aotizhongxin,37.0
7,19,154.0,2.0,20.0,800.0,202.0,31.1,992.1,20.1,0.0,1.6,SE,Dingling,106.0
7,15,48.0,4.0,42.0,600.0,58.0,27.5,1000.4,22.2,0.0,1.3,WSW,Guanyuan,41.0
3,2,94.0,31.0,40.0,700.0,7.0,2.9,1015.7,-13.4,0.0,1.0,ESE,Shunyi,73.0
7,11,94.0,4.0,98.0,1000.0,30.0,27.9,1002.0,16.2,0.0,1.4,NW,Guanyuan,39.0
6,5,31.0,3.0,34.0,800.0,56.0,21.7,999.9,21.0,0.0,1.4,W,Nongzhanguan,59.0
2,16,10.0,2.0,3.0,200.0,99.0,12.9,1010.5,-9.6,0.0,2.2,N,Dingling,10.0
8,14,59.0,6.0,26.0,600.0,176.0,34.2,994.5,20.6,0.0,2.7,SW,Nongzhanguan,49.0
1,1,40.0,6.0,53.0,600.0,10.0,-12.0,1025.6,-22.9,0.0,0.9,E,Guanyuan,12.0
5,2,,2.0,10.0,200.0,68.0,17.9,1006.0,-9.1,0.0,2.3,NW,Guanyuan,297.0
5,22,125.0,36.0,43.0,900.0,143.0,27.7,999.4,7.5,0.0,5.4,SW,Nongzhanguan,60.0
5,1,117.0,16.0,45.0,1000.0,74.0,21.0,1000.7,8.6,0.0,1.5,E,Dongsi,59.0
11,18,214.0,13.0,67.0,2600.0,28.0,11.1,1012.9,5.8,0.0,0.8,ENE,Dingling,214.0
3,18,226.0,59.0,61.0,1700.0,152.0,14.7,1010.6,-0.2,0.0,0.7,N,Huairou,181.0
5,16,222.0,27.0,28.0,,149.2974,26.8,991.7,3.9,0.0,4.1,SSW,Aotizhongxin,57.0
3,8,202.0,37.0,36.0,1399.0,107.0,14.2,992.3,-1.5,0.0,2.5,NE,Dingling,118.0
3,18,21.0,2.0,20.0,300.0,65.0,2.9,1030.7,-31.3,0.0,3.3,N,Guanyuan,5.0
5,10,71.0,3.0,61.0,600.0,57.0,24.0,1009.2,4.9,0.0,1.2,S,Nongzhanguan,28.0
5,21,167.0,22.0,45.0,900.0,136.0,24.1,994.5,12.4,0.0,0.9,NW,Huairou,78.0
4,1,52.0,23.0,52.0,1400.0,35.0,11.3,1010.2,-6.1,0.0,0.7,SW,Shunyi,34.0
4,20,128.0,23.0,114.0,800.0,47.0,10.0,1009.9,-0.8,0.0,1.7,W,Wanliu,71.0
12,22,44.0,3.0,5.0,200.0,36.0,-0.3,1011.2,-13.9,0.0,6.4,SW,Dingling,6.0
5,1,48.0,15.0,95.0,600.0,68.0,22.7,991.5,12.0,0.0,0.2,W,Aotizhongxin,48.0
3,8,213.0,44.0,114.0,2400.0,2.0,12.5,1022.7,-1.5,0.0,0.7,SE,Nongzhanguan,157.0
11,9,96.0,21.0,37.0,,14.0,9.8,1012.5,-8.8,0.0,1.0,NNW,Dongsi,38.0
8,20,130.0,1.0,117.0,1700.0,1.0,24.0,1005.9,22.4,0.0,0.5,ENE,Shunyi,158.0
1,2,158.0,30.0,63.0,2400.0,7.0,-4.7,1025.0,-11.3,0.0,0.9,NNW,Dingling,158.0
3,10,204.0,31.0,126.0,1800.0,19.0,14.1,1026.4,1.0,0.0,0.9,SSE,Nongzhanguan,158.0
1,4,55.0,25.0,75.0,1700.0,9.0,-8.1,1021.8,-13.3,0.0,0.9,ENE,Aotizhongxin,55.0
6,3,69.0,2.0,57.0,1100.0,35.0,25.5,998.2,4.0,0.0,2.9,NNW,Gucheng,55.0
2,16,10.0,2.0,10.0,300.0,79.0,3.6,1024.8,-19.2,0.0,1.5,N,Shunyi,10.0
11,14,62.0,4.0,32.0,800.0,17.0,4.1,1018.3,0.8,0.0,1.7,SSW,Gucheng,62.0
5,9,125.0,58.0,76.0,1600.0,52.0,22.1,1009.5,11.2,0.0,0.9,E,Guanyuan,98.0
11,2,292.0,5.0,123.0,4300.0,2.0,5.9,1003.9,5.5,0.0,1.3,NE,Guanyuan,268.0
6,22,64.0,2.0,53.0,,67.0,19.3,1005.3,16.9,0.0,0.6,ENE,Nongzhanguan,32.0
1,22,179.0,55.0,112.0,4100.0,6.0,-3.2,1023.5,-7.5,0.0,0.0,N,Gucheng,171.0
1,17,61.0,22.0,39.0,1300.0,49.0,3.0,1020.0,-10.6,0.0,1.1,E,Tiantan,46.0
1,13,112.0,98.0,106.0,3100.0,,5.4,1021.7,-16.4,0.0,1.0,E,Wanliu,92.0
11,19,208.0,20.0,105.0,3000.0,2.0,-3.3,1020.3,-9.8,0.0,0.4,NE,Wanliu,191.0
10,2,36.0,6.2832,26.2784,,23.7762,3.6,1020.0,-2.8,0.0,2.1,NNW,Dingling,17.0
5,10,85.0,27.0,42.0,1000.0,111.0,21.0,1011.6,6.1,0.0,2.9,SW,Nongzhanguan,81.0
1,5,10.0,5.0,18.0,600.0,61.0,-10.9,1034.2,-24.4,0.0,1.2,N,Shunyi,10.0
5,12,62.0,2.0,56.0,700.0,2.0,26.5,1001.6,-5.2,0.0,2.6,S,Guanyuan,25.0
7,3,76.0,9.1392,86.6366,600.0,2.0,23.2,995.3,19.1,0.0,1.8,NE,Wanliu,45.0
4,23,70.0,9.0,52.0,200.0,28.0,13.2,1013.3,0.2,0.0,1.7,ESE,Shunyi,30.0
3,7,110.0,11.0,90.0,1000.0,10.0,2.9,1013.2,-6.8,0.0,1.4,ESE,Nongzhanguan,76.0
5,22,210.0,13.0,154.0,1000.0,29.0,19.1,1012.4,6.9,0.0,0.4,N,Gucheng,91.0
11,16,99.0,6.0,44.0,2600.0,2.0,1.9,1024.0,-0.2,0.0,1.4,SE,Shunyi,99.0
12,4,37.0,13.0,38.0,800.0,10.0,-3.7,1023.5,-15.1,0.0,0.7,E,Dingling,27.0
3,22,342.0,83.0,176.0,4099.0,68.0,7.5,998.3,-1.2,0.0,1.3,NE,Wanliu,236.0
8,21,277.0,8.0,106.0,1800.0,2.0,28.7,993.0,27.8,1.1,0.9,NNE,Guanyuan,201.0
12,17,419.0,47.0,103.0,6100.0,6.0,0.6,1014.1,0.3,0.0,1.0,ESE,Nongzhanguan,419.0
3,16,233.0,85.0,101.0,2900.0,2.0,2.0,1011.0,-5.6,0.0,0.7,WSW,Huairou,199.0
6,6,69.0,4.0,38.0,900.0,67.0,19.7,993.8,17.7,0.0,0.0,NW,Gucheng,69.0
12,22,265.0,22.0,125.0,4700.0,3.0,-1.1,1013.9,-6.5,0.0,0.6,NE,Changping,246.0
3,17,32.0,9.0,45.0,300.0,81.0,21.9,1005.4,1.0,0.0,1.0,N,Wanliu,11.0
7,15,180.0,9.0,52.0,1400.0,164.0,30.5,997.4,22.4,0.0,2.9,ESE,Tiantan,180.0
8,3,87.0,2.0,28.0,1500.0,27.0,25.4,997.9,24.4,0.0,1.0,ENE,Wanshouxigong,87.0
12,1,95.0,21.0,67.0,1800.0,2.0,-7.4,1021.0,-15.1,0.0,0.6,NW,Huairou,79.0
10,21,33.0,2.0,50.0,600.0,6.0,10.3,1017.5,2.4,0.0,1.7,N,Gucheng,19.0
7,3,15.0,3.0,,300.0,22.0,21.8,986.0,17.4,0.0,0.9,ENE,Huairou,8.0
6,22,48.0,3.0,21.0,1000.0,67.0,19.4,1010.1,17.5,0.0,2.7,W,Shunyi,48.0
11,9,172.0,10.0,66.0,2000.0,2.0,1.1,1011.0,-3.6,0.0,1.4,NNW,Dingling,145.0
1,13,39.0,13.0,12.0,400.0,71.0,11.4,1009.7,-12.1,0.0,3.4,WNW,Dongsi,28.0
7,22,89.0,21.0,36.0,1100.0,112.0,27.4,1001.1,19.7,0.0,1.7,SSE,Tiantan,50.0
11,5,179.0,5.0,60.0,2900.0,2.0,2.2,1012.0,2.2,0.0,0.9,W,Huairou,179.0
8,13,20.0,2.0,19.0,600.0,72.0,25.9,1000.0,18.6,0.0,1.7,NE,Changping,20.0
2,16,223.0,91.0,64.0,2300.0,68.0,1.4,1014.2,-7.7,0.0,0.8,WSW,Changping,228.0
11,0,100.0,17.0,48.0,700.0,19.0,7.0,1010.0,-1.7,0.0,1.2,W,Dongsi,51.0
6,10,100.0,2.0,10.0,800.0,67.0,24.7,996.1,19.8,0.0,1.0,SSE,Huairou,100.0
7,0,91.0,3.0,50.0,500.0,40.0,24.5,997.4,17.0,0.0,0.9,E,Tiantan,23.0
5,22,36.0,2.0,28.0,400.0,72.0,21.4,1008.2,0.5,0.0,2.0,NW,Tiantan,7.0
4,11,67.0,9.0,47.0,800.0,60.0,20.1,1005.2,-3.6,0.0,1.5,NW,Dongsi,49.0
4,20,175.0,6.0,26.0,500.0,151.0,21.1,1009.4,10.3,0.0,5.0,ESE,Wanshouxigong,68.0
12,22,22.0,8.0,67.0,900.0,40.0,0.2,1030.0,-11.2,0.0,1.3,NE,Nongzhanguan,22.0
8,3,29.0,5.0,94.0,600.0,10.0,23.3,1001.3,12.0,0.0,1.3,NNW,Dongsi,29.0
8,16,96.0,2.0,84.0,1100.0,19.0,25.7,997.6,22.4,0.1,1.1,NNE,Wanliu,74.0
7,17,189.0,28.0,30.0,900.0,233.0,32.8,998.4,21.0,0.0,2.5,WSW,Wanliu,124.0
5,0,318.0,2.0,3.0,300.0,71.0,22.0,993.5,1.6,0.0,3.7,NW,Huairou,63.0
1,18,58.0,14.0,65.0,100.0,38.0,-1.5,1030.0,-17.7,0.0,2.0,NE,Aotizhongxin,39.0
7,8,65.0,5.0,41.0,600.0,83.0,24.7,997.9,23.5,0.5,0.7,E,Aotizhongxin,82.0
10,3,376.0,3.0,84.0,2700.0,5.0,13.4,1013.3,8.7,0.0,1.4,NNE,Dongsi,376.0
5,10,237.0,34.0,55.0,1000.0,94.0,23.7,1002.6,16.5,0.0,1.8,S,Guanyuan,174.0
3,6,17.0,9.0,21.0,400.0,72.0,3.2,1019.0,-14.5,0.0,2.7,NNE,Wanliu,8.0
4,13,43.0,4.0,31.0,400.0,70.0,17.9,1010.4,-10.0,0.0,5.6,W,Changping,8.0
9,5,90.0,6.2832,79.0405,900.0,1.0,10.0,1007.5,9.7,0.0,0.7,NE,Wanliu,60.0
7,5,96.0,2.0,23.0,400.0,51.0,22.8,1000.6,21.3,0.0,0.0,NW,Gucheng,96.0
6,23,195.0,52.0,50.0,1600.0,156.0,25.5,1000.2,17.7,0.0,0.5,SE,Guanyuan,157.0
4,15,88.0,5.0,29.0,600.0,212.0,25.6,1008.6,7.7,0.0,4.2,S,Nongzhanguan,88.0
10,13,50.0,6.0,51.0,700.0,23.0,17.9,1007.6,8.5,0.0,1.1,SE,Changping,46.0
12,1,345.0,6.0,121.0,6000.0,2.0,-3.1,1025.0,-3.9,0.0,0.8,NE,Tiantan,345.0
3,20,253.0,40.0,94.0,1700.0,81.0,19.3,999.0,6.7,0.0,1.0,S,Nongzhanguan,202.0
3,14,60.0,12.0,60.0,500.0,57.0,13.9,1008.3,-9.4,0.0,2.4,SSW,Wanliu,34.0
4,13,100.0,6.0,25.0,200.0,73.0,22.5,1014.3,0.3,0.0,2.2,NNW,Guanyuan,35.0
7,4,64.0,8.0,32.0,800.0,66.0,24.4,1007.6,16.4,0.0,0.8,W,Guanyuan,52.0
10,14,76.0,3.0,31.0,1000.0,55.0,20.5,1013.7,13.5,0.0,2.1,S,Shunyi,76.0
4,17,76.0,15.0,38.0,500.0,96.0,14.1,1010.5,3.2,0.0,1.6,SSE,Gucheng,58.0
9,2,153.0,7.0,57.0,1300.0,15.0,17.8,1007.9,15.2,0.0,1.5,NE,Guanyuan,72.0
2,13,111.0,32.0,43.0,1300.0,58.0,4.6,1023.2,-12.8,0.0,3.4,S,Shunyi,106.0
12,2,61.0,24.0,41.0,1400.0,,-5.3,1020.4,-18.1,0.0,1.3,SSW,Aotizhongxin,43.0
9,18,18.0,2.0,19.0,300.0,57.0,22.8,1004.7,10.2,0.0,1.7,NE,Huairou,10.0
5,10,6.0,4.0,,300.0,59.0,26.3,1004.1,-0.7,0.0,2.3,NNW,Wanshouxigong,3.0
4,4,75.0,8.0,62.0,1300.0,2.0,5.5,1000.5,-1.7,0.0,0.6,ENE,Tiantan,45.0
4,11,112.0,48.0,46.0,1700.0,54.0,10.1,999.4,-2.9,0.0,2.1,SE,Dingling,82.0
10,19,203.0,5.0,103.0,3100.0,2.0,16.7,1013.9,14.2,0.0,0.9,E,Aotizhongxin,164.0
11,14,32.0,44.0,57.0,900.0,21.42,15.3,1014.6,-4.6,0.0,1.7,N,Gucheng,48.0
11,0,188.0,10.0,83.0,2600.0,9.0,2.9,1011.0,-2.8,0.0,0.8,SSE,Shunyi,126.0
10,3,56.0,3.0,65.0,600.0,2.0,12.9,1009.6,9.0,0.0,0.8,W,Gucheng,26.0
12,20,216.0,31.0,121.0,2800.0,5.0,6.4,1018.1,-4.4,0.0,2.7,SW,Nongzhanguan,178.0
8,2,75.0,3.0,35.0,800.0,50.0,20.4,1007.1,19.4,0.0,0.8,N,Aotizhongxin,75.0
6,1,15.0,2.0,13.0,300.0,29.0,13.5,994.4,12.6,0.0,0.9,NW,Huairou,15.0
7,13,57.0,13.0,23.0,700.0,209.0,34.4,992.2,20.7,0.0,2.4,S,Gucheng,44.0
9,18,201.0,21.0,101.0,1700.0,6.0,17.7,1012.0,16.6,0.0,0.0,NE,Guanyuan,110.0
9,8,6.0,1.0,42.0,300.0,18.0,21.2,1012.2,4.7,0.0,1.8,NNE,Dongsi,3.0
6,14,159.0,6.0,51.0,2500.0,39.0,25.0,997.9,21.9,0.0,1.5,ENE,Wanshouxigong,152.0
3,16,251.0,58.0,50.0,1600.0,170.0,16.2,1010.2,-0.1,0.0,2.8,SSW,Nongzhanguan,251.0
12,4,299.0,2.0,86.0,4400.0,4.0,-3.2,1026.5,-5.8,0.0,1.4,NE,Tiantan,299.0
2,10,173.0,86.0,76.0,4300.0,10.0,1.2,1024.3,-11.6,0.0,1.7,E,Nongzhanguan,115.0
1,5,10.0,5.0,10.0,300.0,55.0,-0.8,1024.8,-12.4,0.0,2.1,N,Guanyuan,10.0
11,10,122.0,10.0,,1400.0,7.0,5.6,1012.0,-0.9,0.0,0.7,WNW,Huairou,70.0
9,13,9.0,2.0,17.0,300.0,88.0,24.6,1006.8,-0.6,0.0,3.5,NNW,Aotizhongxin,9.0
3,17,6.0,5.0,15.0,300.0,80.0,5.8,1023.5,-23.6,0.0,2.0,SSW,Dongsi,12.0
6,1,75.0,2.0,33.0,900.0,131.0,24.9,998.1,20.8,0.0,0.7,ENE,Guanyuan,75.0
4,14,26.0,3.0,21.0,600.0,92.0,11.1,993.8,4.3,0.0,2.3,NW,Guanyuan,26.0
11,20,228.0,3.0,65.0,2100.0,2.0,2.2,1004.9,1.2,0.0,0.9,NW,Huairou,199.0
1,14,8.0,6.0,6.0,300.0,72.0,-2.0,1030.8,-21.9,0.0,1.2,NE,Shunyi,7.0
3,11,49.0,2.0,34.0,300.0,69.0,18.1,1013.2,-6.6,0.0,4.2,SW,Nongzhanguan,14.0
12,3,276.0,83.0,109.0,4700.0,6.0,-0.7,1032.0,-12.0,0.0,1.6,NE,Wanliu,181.0
2,8,45.0,10.0,58.0,1200.0,2.0,-6.0,1029.0,-20.1,0.0,1.1,NE,Tiantan,31.0
8,0,29.0,2.0,16.0,300.0,88.0,18.5,1004.2,12.7,0.0,1.3,WNW,Huairou,13.0
6,13,39.0,3.0,16.0,600.0,183.0,30.9,998.6,17.2,0.0,1.5,SW,Aotizhongxin,39.0
8,19,6.0,2.0,9.0,200.0,87.0,24.2,999.5,17.2,0.0,1.7,NNW,Changping,6.0
12,7,6.0,6.0,28.0,300.0,43.0,1.6,1026.5,-13.4,0.0,1.9,ENE,Wanshouxigong,3.0
4,18,89.0,5.0,52.0,700.0,110.0,16.3,995.9,8.0,0.0,1.8,E,Dingling,89.0
10,6,7.0,,,,,5.5,1024.6,-1.7,0.0,1.2,ENE,Aotizhongxin,7.0
9,11,157.0,26.0,79.0,1400.0,44.0,26.4,1009.5,14.8,0.0,1.1,NNE,Guanyuan,88.0
12,20,55.0,2.0,15.0,300.0,50.0,-3.0,1024.0,-22.3,0.0,1.0,E,Dongsi,4.0
9,15,37.0,2.0,18.0,400.0,134.0,27.8,1009.2,6.5,0.0,2.1,E,Guanyuan,37.0
11,11,76.0,7.0,10.0,,66.402,11.9,1014.6,-11.0,0.0,7.2,NNW,Dongsi,10.0
9,13,147.0,6.0,45.0,1400.0,152.0,24.625,1007.75,16.9,0.0,1.9,SE,Dongsi,147.0
1,9,84.0,38.0,72.0,2300.0,13.0,-3.9,1023.7,-17.1,0.0,0.7,SW,Wanliu,84.0
7,1,10.0,2.0,14.0,200.0,49.0,21.2,995.6,19.3,0.0,1.1,N,Changping,10.0
8,8,56.0,4.0,21.0,1000.0,49.0,25.7,1006.3,19.3,0.0,1.2,NNE,Shunyi,49.0
8,10,36.0,16.0,38.0,700.0,25.0,28.0,1007.2,11.5,0.0,1.7,ENE,Guanyuan,9.0
4,7,42.0,4.0,21.0,400.0,39.0,9.8,1008.3,-14.9,0.0,0.9,ESE,Huairou,11.0
6,20,113.0,3.0,36.0,800.0,182.0,26.8,995.3,20.4,0.0,0.8,SSW,Aotizhongxin,113.0
12,11,208.0,42.0,112.0,4100.0,6.0,3.1,1021.7,-6.1,0.0,1.7,N,Dongsi,190.0
7,15,51.0,7.0,13.0,600.0,211.0,32.6,991.0,18.4,0.0,1.8,SW,Changping,47.0
1,3,146.0,20.0,52.0,1800.0,3.0,-7.1,1022.0,-9.5,0.0,0.2,N,Huairou,146.0
1,10,103.0,71.0,62.0,2300.0,2.0,-4.5,1033.6,-17.3,0.0,2.1,S,Guanyuan,59.0
7,13,10.0,0.2856,11.9074,,155.9376,35.4,996.2,19.7,0.0,2.8,SW,Shunyi,21.0
8,0,51.0,2.0,47.0,800.0,23.0,18.2,1001.6,18.2,0.0,0.6,WNW,Gucheng,36.0
3,6,189.0,60.0,84.0,2700.0,6.0,4.9,1009.3,-7.0,0.0,2.0,NNW,Changping,140.0
2,4,6.0,6.0,,200.0,62.0,-4.3,1021.8,-29.5,0.0,1.8,W,Gucheng,3.0
3,6,56.0,5.0,68.0,1300.0,2.0,7.4,1013.0,0.4,0.0,1.0,NE,Tiantan,38.0
10,13,182.0,18.0,85.0,1300.0,138.0,22.8,1004.9,12.1,0.0,2.0,SE,Changping,165.0
8,13,110.0,3.0,27.0,1000.0,191.0,34.1,990.9,24.4,0.0,1.0,SSE,Gucheng,120.0
8,6,52.0,5.0,68.0,800.0,4.0,23.9,1004.7,17.4,0.0,1.8,NE,Tiantan,43.0
10,16,15.0,2.0,25.0,300.0,42.0,14.0,1014.0,4.8,0.0,0.9,S,Changping,10.0
11,22,152.0,13.0,94.0,2900.0,2.0,-0.8,1015.3,-7.6,0.0,1.4,N,Changping,131.0
1,9,154.0,88.0,118.0,3800.0,16.0,-1.9,1010.1,-12.8,0.0,0.5,W,Gucheng,154.0
10,7,95.0,2.0,45.0,1200.0,2.0,5.575,1011.0,5.0,0.0,1.0,SW,Aotizhongxin,66.0
3,19,29.0,2.0,25.0,400.0,67.0,14.6,1014.7,-14.6,0.0,1.9,N,Changping,10.0
8,8,32.0,12.0,25.0,600.0,48.0,25.3,992.9,15.0,0.0,1.7,NNE,Changping,15.0
9,4,94.0,6.5688,62.0006,,,19.6,1008.5,18.8,0.0,0.9,NE,Wanliu,122.0
1,23,15.0,3.0,11.0,300.0,66.0,-1.0,1024.0,-26.0,0.0,1.8,NNW,Shunyi,4.0
5,9,30.0,6.0,41.0,500.0,61.0,23.0,1013.7,2.4,0.0,3.3,NNW,Tiantan,13.0
4,17,108.0,8.0,47.0,700.0,85.0,17.7,1000.9,5.9,0.0,3.3,ESE,Aotizhongxin,44.0
5,8,90.0,8.0,22.0,300.0,80.0,25.0,1000.7,1.8,0.0,1.2,ENE,Gucheng,30.0
3,15,195.0,86.0,115.0,2700.0,35.0,10.4,1013.2,-5.2,0.0,2.5,SW,Guanyuan,176.0
8,0,24.0,1.0,24.0,400.0,72.0,23.4,1000.0,12.7,0.0,0.8,ENE,Changping,20.0
6,4,46.0,2.0,12.0,300.0,153.0,22.0,1000.8,16.5,0.0,0.2,N,Gucheng,46.0
5,6,112.0,9.0,73.0,1200.0,2.0,18.6,1001.0,9.9,0.0,0.9,NE,Wanshouxigong,48.0
9,4,22.0,,,200.0,,13.55,1023.25,0.0,0.0,2.4,NE,Aotizhongxin,11.0
8,13,42.0,4.0,12.0,700.0,130.0,32.3,1005.4,22.4,0.0,1.9,ESE,Nongzhanguan,42.0
10,9,26.0,5.0,53.0,600.0,7.0,8.2,1029.6,-3.7,0.0,1.4,NE,Nongzhanguan,25.0
5,20,288.0,21.0,75.0,2500.0,192.0,27.5,999.2,20.8,0.0,0.9,W,Aotizhongxin,147.0
4,21,9.0,4.0,21.0,400.0,92.0,7.5,1019.0,-12.9,0.0,2.9,NNW,Dongsi,13.0
11,9,29.0,11.0,25.0,1300.0,31.0,-3.0,1028.2,-17.4,0.0,2.2,N,Changping,15.0
7,1,26.0,0.2856,,,30.4164,20.4,997.2,20.4,0.0,0.7,WNW,Huairou,24.0
1,8,163.0,66.0,84.0,2900.0,4.0,-1.3,1022.9,-5.5,0.0,1.1,NE,Dongsi,181.0
7,16,42.0,13.0,19.0,200.0,111.0,32.7,992.9,15.2,0.0,0.8,S,Wanliu,23.0
10,9,177.0,2.0,81.0,2100.0,2.0,14.5,1016.5,13.5,0.0,0.9,NE,Wanliu,159.0
4,13,40.0,2.0,16.0,300.0,94.0,20.5,1006.7,-12.2,0.0,1.3,SE,Gucheng,15.0
7,21,134.0,2.0,33.0,800.0,159.0,29.3,996.7,20.7,0.0,1.5,SW,Wanshouxigong,89.0
8,14,31.0,10.0,32.0,600.0,123.0,31.9,1001.1,15.4,0.0,2.0,SSE,Tiantan,25.0
7,3,132.0,2.0,49.0,1000.0,27.0,23.6,999.0,22.9,0.0,0.0,SSW,Gucheng,110.0
7,19,9.0,7.0,37.0,400.0,77.0,28.3,999.1,16.2,0.0,0.7,ESE,Dongsi,9.0
12,13,69.0,48.0,58.0,,1.9278,3.3,1022.3,-14.9,0.0,0.9,NNW,Wanshouxigong,75.0
10,22,293.0,6.0,121.0,1200.0,2.0,16.3,1014.4,10.2,0.0,0.4,E,Gucheng,83.0
7,0,74.0,2.0,99.0,1400.0,2.0,24.5,999.0,20.6,0.0,1.1,ENE,Wanshouxigong,34.0
2,18,162.0,68.0,104.0,1900.0,12.0,2.0,1021.0,-16.0,0.0,1.2,ENE,Changping,162.0
4,19,24.0,6.0,14.0,400.0,84.0,11.0,1007.9,-10.5,0.0,0.9,SSE,Dongsi,20.0
7,5,69.0,2.0,9.0,900.0,32.0,26.5,992.2,24.5,0.0,0.6,W,Dingling,69.0
8,23,27.0,3.0,14.0,500.0,93.0,20.2,1005.9,18.5,0.0,1.8,NW,Dingling,27.0
7,11,148.0,6.0,44.0,1200.0,190.0,32.2,1000.1,19.1,0.0,2.8,E,Dingling,81.0
5,21,165.0,21.0,22.0,1200.0,185.0,26.0,996.2,15.4,0.0,0.7,N,Dingling,121.0
2,23,54.0,3.0,9.0,300.0,77.0,2.2,1017.7,-16.8,0.0,3.2,N,Wanliu,9.0
9,5,21.0,2.0,54.0,400.0,2.0,20.2,1006.0,12.4,0.0,1.6,NNE,Nongzhanguan,11.0
12,9,17.0,24.0,51.0,700.0,11.0,-2.7,1027.0,-15.4,0.0,1.2,E,Guanyuan,12.0
10,17,40.0,2.0,74.0,900.0,2.0,10.2,1013.2,9.4,0.2,0.7,ENE,Aotizhongxin,40.0
12,6,115.0,2.0,32.0,1800.0,21.0,-6.1,1019.1,-7.5,0.0,1.5,WNW,Huairou,115.0
12,13,408.0,85.0,142.0,6200.0,3.0,-2.0,1029.0,-8.5,0.0,1.4,ENE,Nongzhanguan,362.0
7,8,57.0,5.0,20.0,500.0,19.0,26.2,998.0,18.8,0.0,0.8,E,Huairou,23.0
2,14,13.0,6.0,15.0,500.0,69.0,11.5,1026.9,-15.1,0.0,1.6,ENE,Wanshouxigong,13.0
9,14,84.0,19.0,60.0,800.0,80.0,24.7,1009.4,6.9,0.0,2.5,SW,Guanyuan,52.0
8,8,144.0,3.0,77.0,600.0,31.0,27.3,1006.4,10.5,0.0,1.0,E,Gucheng,26.0
9,8,78.0,7.0,68.0,800.0,9.0,20.9,1014.2,17.3,0.0,1.3,N,Dongsi,43.0
7,21,82.0,3.0,31.0,500.0,107.0,27.8,995.7,20.9,0.0,0.9,NNW,Huairou,30.0
9,18,120.0,2.0,30.0,1100.0,108.0,19.3,1005.5,16.9,0.0,0.9,NNE,Huairou,120.0
10,5,25.0,2.0,13.0,300.0,34.0,12.6,1014.6,-2.5,0.0,1.1,NE,Wanliu,8.0
3,22,342.0,41.0,64.0,1800.0,103.0,18.1,1004.9,8.4,0.0,2.4,ESE,Dongsi,191.0
12,8,13.0,12.0,35.0,600.0,25.0,-4.7,1026.9,-11.7,0.0,1.8,NNE,Shunyi,10.0
7,19,113.0,9.0,75.0,1600.0,48.0,25.3,994.6,23.9,0.0,0.0,E,Guanyuan,137.0
7,8,64.0,2.0,26.0,600.0,42.0,30.8,1003.1,23.7,0.0,1.6,E,Tiantan,49.0
2,8,17.0,10.0,39.0,600.0,41.0,3.0,1018.5,-15.7,0.0,3.3,NW,Tiantan,17.0
5,3,85.0,11.0,73.0,900.0,7.0,13.7,1011.8,3.2,0.0,0.8,ENE,Shunyi,48.0
6,12,12.0,6.0,16.0,500.0,145.0,31.9,994.0,14.1,0.0,1.9,SE,Nongzhanguan,34.0
9,4,161.0,17.0,123.0,2200.0,,19.2,1006.4,16.4,0.0,1.7,ENE,Aotizhongxin,155.0
2,7,17.0,4.0,37.0,700.0,41.0,-8.8,1020.2,-17.4,0.0,0.5,NNE,Huairou,12.0
5,22,30.0,2.0,62.0,700.0,26.0,15.5,997.1,0.9,0.0,2.5,NW,Guanyuan,14.0
8,17,29.0,2.0,8.0,600.0,139.0,32.0,1003.1,19.9,0.0,1.8,SSE,Nongzhanguan,10.0
6,17,129.0,8.0,22.0,1000.0,220.0,31.2,999.0,22.5,0.0,3.0,SSE,Nongzhanguan,129.0
2,4,15.0,3.0,42.0,800.0,40.0,-7.1,1020.4,-18.2,0.0,1.6,NNW,Huairou,13.0
12,4,14.0,15.4224,42.0865,,16.065,-6.5,1026.4,-18.2,0.0,1.5,NNE,Nongzhanguan,11.0
5,20,58.0,2.0,31.0,400.0,82.0,21.2,1003.2,-6.5,0.0,0.6,NE,Gucheng,19.0
6,18,137.0,31.416,26.689,,252.9702,29.6,1002.6,14.6,0.0,1.4,SSE,Dongsi,93.0
7,20,17.0,2.0,50.0,400.0,26.0,24.1,995.6,13.3,0.0,1.4,NW,Nongzhanguan,17.0
2,20,30.0,21.0,145.0,900.0,6.0,1.8,1023.0,-10.1,0.0,4.0,SW,Wanliu,28.0
4,10,51.0,3.0,30.0,1000.0,51.0,6.8,994.7,2.5,0.0,1.0,NW,Gucheng,51.0
1,10,13.0,10.0,22.0,700.0,63.0,-1.0,1025.2,-25.2,0.0,3.1,W,Gucheng,11.0
9,4,71.0,3.0,89.0,700.0,2.0,16.0,1011.1,7.5,0.0,0.8,NW,Wanshouxigong,39.0
10,22,366.0,20.0,164.0,2600.0,1.0,14.8,1010.0,14.0,0.0,0.6,ENE,Aotizhongxin,340.0
8,7,23.0,13.0,12.0,500.0,55.0,27.3,992.0,17.8,0.0,3.5,NW,Dingling,18.0
8,14,9.0,2.0,2.0,200.0,89.0,31.7,1001.9,6.7,0.0,2.5,NW,Dingling,9.0
7,13,55.0,2.0,12.0,500.0,115.0,31.7,992.3,21.2,0.0,1.8,SSW,Dingling,22.0
9,3,25.0,8.0,40.0,800.0,13.0,11.0,1024.6,0.4,0.0,1.4,SE,Dongsi,19.0
6,7,91.0,4.0,58.0,700.0,11.0,19.2,1004.6,9.4,0.0,1.1,NW,Changping,59.0
6,10,108.0,2.0,23.0,900.0,70.0,24.4,1001.6,19.2,0.0,1.3,SE,Shunyi,108.0
1,15,20.0,24.0,32.0,900.0,48.0,3.3,1019.9,-19.5,0.0,3.0,S,Changping,20.0
9,22,97.0,2.0,77.0,2100.0,2.0,18.7,1012.9,18.7,0.3,0.0,NW,Aotizhongxin,97.0
12,5,28.0,3.0,23.0,800.0,12.0,-3.5,1022.2,-8.9,0.0,1.0,N,Dingling,18.0
6,11,39.0,3.0,24.0,400.0,113.0,33.9,1001.5,12.8,0.0,4.2,N,Nongzhanguan,11.0
6,14,5.0,2.0,2.0,200.0,103.0,29.5,999.2,12.0,0.0,1.4,WSW,Dingling,11.0
10,5,96.0,2.0,41.0,1100.0,2.0,6.1,1015.7,5.2,0.0,0.9,SE,Tiantan,60.0
11,2,13.0,6.0,47.0,500.0,2.5704,-1.1,1019.1,-8.1,0.0,0.6,W,Nongzhanguan,15.0
3,5,88.0,7.0,65.0,800.0,3.0,0.3,1020.8,-14.5,0.0,0.9,NE,Changping,26.0
8,10,18.0,2.0,9.0,600.0,70.0,21.3,1009.4,17.1,0.0,1.6,E,Shunyi,18.0
12,0,78.0,3.0,63.0,2000.0,3.0,-8.3,1027.9,-11.8,0.0,1.1,N,Changping,78.0
5,7,67.0,2.0,32.0,800.0,79.0,19.2,1003.9,18.0,1.7,1.4,SE,Nongzhanguan,67.0
3,0,173.0,36.0,162.0,2500.0,3.0,2.2,1013.3,-8.8,0.0,1.1,ENE,Wanliu,173.0
8,9,54.0,7.0,29.0,1000.0,48.0,25.2,1000.9,19.3,0.0,0.9,WNW,Changping,40.0
6,2,112.0,8.0,62.0,1500.0,74.0,24.8,990.2,21.5,0.0,1.3,NE,Wanshouxigong,254.0
2,9,25.0,27.0,47.0,1200.0,34.0,4.0,1027.0,-12.9,0.0,2.2,ESE,Gucheng,25.0
4,3,23.0,4.0,12.0,,,8.0,1003.8,-3.8,0.0,0.8,NW,Huairou,13.0
7,11,134.0,3.0,26.0,1700.0,85.0,25.1,1002.7,21.6,0.0,2.7,ESE,Nongzhanguan,134.0
7,18,45.0,2.0,38.0,100.0,112.0,26.9,1002.2,22.7,0.0,1.0,NE,Wanliu,45.0
3,17,178.0,24.0,36.0,800.0,52.0,10.7,1007.7,-9.6,0.0,2.7,NW,Wanshouxigong,55.0
10,21,313.0,12.0,126.0,3100.0,,7.1,1011.3,6.2,0.0,0.2,N,Wanshouxigong,265.0
10,4,156.0,15.0,96.0,1300.0,,11.8,1011.2,7.7,0.0,1.4,NE,Wanliu,91.0
6,7,154.0,4.0,60.0,1300.0,31.0,21.5,1002.3,17.7,0.0,0.8,NE,Wanliu,154.0
6,16,123.0,5.0,50.0,900.0,181.0,26.7,995.8,18.0,0.0,0.7,NW,Gucheng,94.0
8,22,16.0,7.0,13.0,400.0,110.0,27.2,992.1,13.9,0.0,0.8,ENE,Changping,13.0
3,4,91.0,4.0,64.0,1000.0,10.0,0.0,1005.6,-4.6,0.0,0.9,NW,Huairou,102.0
11,7,153.0,23.0,81.0,2600.0,2.0,-2.0,1016.0,-3.0,0.0,0.8,ENE,Nongzhanguan,114.0
10,9,119.0,10.8528,47.4243,,19.9206,11.1,1010.0,1.6,0.0,0.5,S,Dingling,88.0
3,9,49.0,17.0,69.0,900.0,41.0,8.4,1014.0,-9.6,0.0,1.6,S,Wanshouxigong,35.0
5,3,185.0,14.0,112.0,1000.0,2.0,12.8,1007.4,8.7,0.0,0.4,S,Gucheng,114.0
10,10,361.0,17.0,123.0,3000.0,5.0,17.6,1005.8,10.5,0.0,1.6,SSE,Changping,290.0
3,0,132.0,66.0,107.0,1700.0,107.0,7.6,1014.0,0.3,0.0,0.7,S,Nongzhanguan,190.0
2,0,56.0,18.0,61.0,1300.0,15.0,-2.9,1018.6,-3.9,0.2,1.3,WSW,Guanyuan,79.0
6,0,9.0,2.0,15.0,300.0,81.0,19.3,997.9,14.1,0.0,0.9,NNE,Huairou,8.0
3,15,258.0,109.0,162.0,3000.0,30.0,14.7,1007.0,-4.6,0.0,1.3,SW,Dongsi,240.0
6,20,16.0,2.0,39.0,500.0,88.0,20.7,1000.1,16.7,0.0,1.2,W,Changping,16.0
8,11,25.0,2.0,30.0,1000.0,44.0,26.4,1000.5,23.3,0.0,1.3,NW,Changping,25.0
12,6,59.0,39.0,28.0,500.0,36.0,4.9,1013.8,-11.3,0.0,1.0,N,Dingling,30.0
7,1,202.0,10.0,19.0,1900.0,113.0,26.6,998.7,22.4,0.0,2.3,E,Changping,214.0
6,18,10.0,2.0,2.0,200.0,107.0,30.4,992.5,8.2,0.0,4.3,NW,Dingling,10.0
4,3,21.0,6.0,12.0,200.0,102.0,18.1,1005.9,-9.0,0.0,2.4,WNW,Gucheng,12.0
6,17,132.0,2.0,28.0,1300.0,208.0,29.4,1001.5,17.9,0.0,3.0,WSW,Guanyuan,132.0
7,6,167.0,9.0,32.0,1000.0,83.0,26.9,1000.4,21.2,0.0,1.2,S,Dongsi,167.0
3,4,189.0,22.0,42.0,2000.0,76.0,14.5,1005.1,8.2,0.0,3.4,ESE,Tiantan,176.0
10,11,36.0,3.0,36.0,300.0,48.0,21.3,1018.1,-0.7,0.0,3.7,WNW,Nongzhanguan,12.0
9,20,70.0,11.1384,42.7024,1300.0,76.0,19.9,1010.5,15.7,0.0,1.7,S,Wanliu,54.0
11,6,112.0,69.0,89.0,1600.0,2.142,8.7,1013.0,-1.2,0.0,0.8,NW,Changping,121.0
3,13,101.0,56.0,32.0,1500.0,82.0,10.5,1018.2,-4.0,0.0,4.0,SSE,Shunyi,77.0
1,16,41.0,18.0,19.0,500.0,58.0,4.0,1020.0,-18.2,0.0,2.3,SE,Dingling,28.0
3,5,209.0,7.0,74.0,600.0,2.0,5.5,1015.7,-6.4,0.0,1.1,NW,Shunyi,71.0
12,19,47.0,13.0,45.0,700.0,16.0,-0.9,1023.0,-18.0,0.0,1.6,WSW,Aotizhongxin,14.0
4,16,181.0,27.0,21.0,900.0,255.0,30.5,1002.4,8.2,0.0,4.6,SW,Tiantan,89.0
4,8,34.0,2.0,33.0,600.0,38.0,5.7,1025.2,-10.1,0.0,2.0,E,Huairou,27.0
12,7,36.0,37.0,52.0,1700.0,10.0,-9.5,1024.5,-14.9,0.0,1.1,WNW,Huairou,36.0
2,20,55.0,15.0,45.0,900.0,33.0,0.5,1027.8,-10.4,0.0,2.2,SE,Guanyuan,41.0
1,21,231.0,19.0,80.0,3200.0,,-2.1,1015.3,-5.3,0.0,1.3,ENE,Wanliu,168.0
9,18,16.0,1.0,39.0,300.0,17.0,14.9,1012.1,7.2,0.0,1.0,NNE,Changping,8.0
10,14,292.0,4.0,111.0,2400.0,30.0,20.0,1010.9,14.8,0.0,1.4,S,Tiantan,292.0
8,16,105.0,4.0,28.0,500.0,226.0,31.7,997.6,17.2,0.0,2.0,S,Gucheng,39.0
2,2,196.0,86.0,108.0,3800.0,9.0,-7.0,1027.0,-16.4,0.0,1.0,W,Wanshouxigong,196.0
3,1,44.0,2.0,2.0,800.0,97.0,9.6,1019.7,-11.1,0.0,2.6,NNE,Dingling,5.0
9,7,46.0,2.0,18.0,500.0,41.0,16.8,1005.6,9.0,0.0,1.6,WNW,Dingling,36.0
12,9,23.0,60.0,28.0,600.0,19.0,-3.6,1025.4,-18.3,0.0,2.1,NW,Changping,20.0
3,13,110.0,46.0,35.0,1200.0,105.0,16.6,1006.0,-7.9,0.0,1.8,SSE,Huairou,76.0
8,11,16.0,2.0,12.0,500.0,92.0,29.5,1002.1,15.2,0.0,2.2,NNE,Aotizhongxin,7.0
8,22,124.0,7.0,64.0,500.0,25.0,23.7,1002.0,15.2,0.0,1.4,NNE,Shunyi,25.0
3,7,6.0,16.0,61.0,600.0,8.0,-1.1,1029.2,-16.1,0.0,1.2,WSW,Wanshouxigong,3.0
10,22,129.0,7.7112,128.0,1200.0,1.0,16.9,1013.1,9.3,0.0,0.6,E,Aotizhongxin,95.0
9,10,115.0,16.0,104.0,1000.0,2.0,25.2,1009.6,16.3,0.0,1.4,WSW,Wanliu,89.0
12,14,54.0,38.0,76.0,1600.0,29.0,7.5,1027.0,-12.9,0.0,0.7,E,Guanyuan,46.0
5,21,60.0,2.0,21.0,300.0,96.0,22.6,996.4,5.1,0.0,0.8,ENE,Dingling,20.0
4,14,80.0,6.0,25.0,500.0,111.0,25.7,1002.0,-2.9,0.0,2.2,NW,Wanshouxigong,34.0
4,3,31.0,2.0,30.0,500.0,60.0,8.8,1008.0,1.2,0.0,1.5,SSE,Guanyuan,31.0
9,13,183.0,7.0,37.0,1500.0,107.0,24.8,1005.1,16.2,0.0,3.5,SSE,Shunyi,183.0
7,19,21.0,2.0,2.0,400.0,101.0,20.7,994.5,17.5,0.0,1.5,NW,Dingling,21.0
6,12,130.0,8.0,48.0,1500.0,69.0,25.5,1001.9,18.4,0.0,1.5,WSW,Tiantan,130.0
4,15,93.0,3.0,12.0,200.0,98.0,21.7,998.0,-6.1,0.0,5.3,NNE,Changping,11.0
11,16,6.0,2.0,12.0,200.0,53.0,4.2,1022.4,-2.2,0.0,3.6,NNE,Shunyi,5.0
2,12,19.0,5.0,10.0,300.0,73.0,1.6,1021.0,-18.4,0.0,3.3,NW,Dongsi,7.0
6,7,36.0,2.0,38.0,700.0,70.0,23.7,999.7,18.3,0.0,1.3,ENE,Dongsi,36.0
4,6,243.0,9.0,116.0,3100.0,2.0,10.3,1005.5,8.2,0.0,1.0,WNW,Dongsi,243.0
5,22,63.0,4.0,56.0,500.0,64.0,20.3,1015.2,2.6,0.0,2.3,SSW,Tiantan,27.0
9,9,32.0,2.0,13.0,500.0,46.0,16.2,1017.25,3.3,0.0,5.7,NW,Nongzhanguan,6.0
9,3,13.0,2.0,20.0,200.0,67.0,22.1,1006.9,3.2,0.0,2.4,NNW,Dongsi,3.0
5,6,97.0,29.0,47.0,1300.0,39.0,14.9,1005.2,2.7,0.0,2.9,SE,Changping,64.0
9,21,119.0,5.0,62.0,1400.0,118.0,19.5,1013.6,17.6,0.0,0.6,E,Dongsi,85.0
3,5,160.0,26.0,106.0,2800.0,7.0,-0.4,1013.9,-5.8,0.0,0.8,ENE,Aotizhongxin,135.0
7,5,101.0,10.0,78.0,1000.0,2.0,24.5,997.7,24.3,0.2,0.7,NNE,Aotizhongxin,150.0
7,0,144.0,5.0,58.0,1000.0,120.0,26.3,1003.6,18.4,0.0,1.6,SSW,Gucheng,102.0
11,6,135.0,16.0,85.0,2200.0,3.0,3.0,1010.0,0.7,0.0,1.0,SE,Dongsi,125.0
9,21,104.0,11.0,81.0,800.0,20.0,21.1,1009.2,12.0,0.0,1.3,SE,Tiantan,30.0
12,12,52.0,6.0,9.0,300.0,64.0,-0.7,1032.0,-22.8,0.0,4.6,WNW,Wanshouxigong,6.0
11,2,95.0,12.0,64.0,1900.0,2.0,2.1,1023.1,-1.3,0.0,1.0,NNE,Wanshouxigong,68.0
2,4,17.0,10.0,24.0,500.0,44.0,-2.1,1023.2,-17.0,0.0,0.6,SW,Gucheng,8.0
2,0,163.0,57.0,125.0,2900.0,6.0,-1.0,1015.0,-16.8,0.0,1.2,ENE,Guanyuan,163.0
12,8,232.0,19.0,100.0,3900.0,2.0,0.0,1027.8,-0.1,0.0,0.8,E,Nongzhanguan,232.0
5,13,60.0,2.0,,100.0,2.0,27.9,1014.9,7.7,0.0,2.0,ESE,Shunyi,60.0
10,14,46.0,2.0,12.0,200.0,64.0,12.2,1021.4,-11.5,0.0,5.0,WNW,Guanyuan,16.0
2,19,32.0,3.0,18.0,300.0,55.0,5.5,1018.2,-17.7,0.0,4.8,N,Gucheng,11.0
4,22,132.0,24.0,43.0,800.0,65.0,9.7,1000.3,2.8,0.0,1.0,E,Gucheng,76.0
7,13,10.0,2.0,11.0,200.0,112.0,35.6,994.8,13.7,0.0,2.3,SE,Aotizhongxin,10.0
6,17,40.0,3.0,13.0,500.0,191.0,31.4,995.3,16.2,0.0,0.9,S,Huairou,27.0
10,22,247.0,9.0,93.0,2000.0,31.0,22.0,1005.4,16.9,0.0,1.6,S,Nongzhanguan,232.0
2,9,37.0,12.0,26.0,800.0,43.0,-5.1,1028.7,-19.6,0.0,1.0,SE,Huairou,21.0
9,8,23.0,16.2792,42.4971,400.0,4.0,15.3,1019.2,5.2,0.0,1.6,NNE,Wanliu,17.0
11,11,19.0,8.0,53.0,600.0,18.0,-5.7,1036.5,-15.0,0.0,1.7,ESE,Dongsi,19.0
11,21,44.0,12.0,24.0,400.0,25.0,0.3,1008.7,-14.5,0.0,1.2,N,Dingling,20.0
9,4,18.0,2.0,3.0,600.0,6.0,12.4,1014.8,11.9,0.0,1.0,WNW,Huairou,18.0
9,23,106.0,2.0,27.0,800.0,68.0,16.0,1006.8,15.4,0.0,0.7,NE,Shunyi,106.0
10,15,67.0,27.0,27.0,500.0,103.0,22.8,1008.9,3.3,0.0,1.8,SW,Dongsi,50.0
7,21,265.0,12.0,56.0,1500.0,142.0,28.3,996.2,22.5,0.0,1.3,SE,Nongzhanguan,201.0
1,18,185.0,76.0,81.0,2100.0,20.0,-2.4,1003.3,-8.3,0.0,1.0,NW,Huairou,170.0
10,9,69.0,2.0,45.0,800.0,2.0,8.45,1016.0,3.4,0.0,0.9,NW,Changping,30.0
7,4,105.0,2.0,21.0,600.0,24.0,21.7,1001.2,19.4,0.0,1.1,ENE,Shunyi,105.0
8,20,262.0,7.0,44.0,1600.0,150.0,31.1,997.3,28.1,0.0,0.2,ESE,Nongzhanguan,203.0
9,15,74.0,8.0,18.0,700.0,208.0,,,,,3.1,SW,Nongzhanguan,74.0
8,6,112.0,3.0,22.583,,17.0,29.6,997.0,17.1,0.0,4.2,NW,Shunyi,67.0
10,3,113.0,6.0,77.0,1600.0,2.0,14.2,1017.3,12.2,0.0,1.5,E,Dongsi,91.0
3,2,147.0,16.0,47.0,1600.0,35.0,4.7,1003.4,-5.7,0.0,1.5,N,Dingling,147.0
4,23,193.0,40.0,54.0,1000.0,153.0,18.4,1004.6,8.1,0.0,1.9,SW,Guanyuan,161.0
8,8,75.0,6.0,50.0,1100.0,4.0,27.9,1000.7,24.5,0.0,0.6,E,Dongsi,75.0
1,14,64.0,34.0,57.0,1600.0,38.0,0.4,1025.6,-16.5,0.0,2.1,ESE,Tiantan,56.0
10,4,79.0,2.0,65.0,400.0,2.0,2.9,1013.9,0.3,0.0,0.7,SSE,Shunyi,7.0
9,0,20.0,2.0,51.0,700.0,2.0,17.6,1018.0,12.9,0.0,1.7,NNE,Dongsi,20.0
9,21,303.0,5.9976,127.0807,,7.0686,14.5,1005.9,13.0,0.0,0.0,N,Gucheng,308.0
4,21,105.0,5.0,24.0,300.0,70.0,15.1,1014.2,-9.1,0.0,1.4,NE,Wanliu,8.0
4,5,38.0,3.0,28.0,300.0,37.0,12.7,1004.8,9.7,0.1,1.2,NNE,Aotizhongxin,19.0
4,15,161.0,23.0,,800.0,111.0,23.5,998.7,-0.8,0.0,2.9,SSW,Huairou,85.0
5,21,57.0,2.0,7.0,200.0,95.0,20.7,998.4,-9.8,0.0,2.7,NNE,Huairou,5.0
6,13,61.0,2.0,29.0,800.0,94.0,19.7,999.7,17.7,0.2,2.0,ENE,Wanshouxigong,61.0
6,14,132.0,4.0,20.0,900.0,261.0,30.5,996.9,19.8,0.0,2.5,S,Wanshouxigong,132.0
12,19,37.0,22.0,29.0,800.0,43.0,-3.7,1022.5,-17.3,0.0,0.8,N,Dingling,24.0
1,5,187.0,33.0,72.0,3800.0,6.0,-2.7,1015.1,-5.7,0.0,1.0,NNW,Changping,207.0
2,6,13.0,3.0,11.0,600.0,35.0,-7.3,1021.5,-17.0,0.0,1.9,NNW,Huairou,10.0
8,6,95.0,3.0,38.0,1100.0,35.0,23.4,997.9,22.0,0.0,0.6,S,Nongzhanguan,82.0
6,5,48.0,,16.0134,,14.7798,16.2,1000.6,16.2,0.0,0.6,NE,Huairou,34.0
3,19,59.0,4.0,93.0,500.0,46.0,21.9,1009.6,-1.4,0.0,2.2,SW,Wanliu,20.0
7,23,155.0,2.0,33.0,1200.0,116.0,29.9,997.1,22.6,0.0,2.9,SSW,Dongsi,140.0
3,6,103.0,68.0,69.0,2700.0,8.0,2.6,1019.7,-7.3,0.0,1.2,NNE,Shunyi,69.0
3,15,33.0,12.0,3.0,300.0,106.0,14.3,1011.1,-22.9,0.0,3.5,W,Dingling,14.0
8,19,76.0,2.0,17.0,300.0,99.0,28.6,1003.9,18.1,0.0,1.5,S,Shunyi,8.0
12,4,46.0,2.0,39.0,1200.0,13.0,-7.7,1021.8,-10.9,0.0,0.6,E,Huairou,46.0
6,2,158.0,8.0,57.0,2000.0,2.0,19.9,1001.2,19.7,0.0,0.5,ENE,Guanyuan,149.0
3,10,13.0,3.0,13.0,300.0,80.0,9.8,1029.8,-14.2,0.0,2.5,NNW,Dongsi,12.0
3,23,144.0,2.0,10.0,200.0,74.0,16.2,1011.2,-5.6,0.0,4.6,NNW,Nongzhanguan,10.0
3,16,17.0,4.0,10.0,300.0,98.0,14.4,1020.3,-15.8,0.0,3.6,N,Gucheng,16.0
2,6,32.0,2.0,16.0,300.0,63.0,1.3,1017.6,-16.6,0.0,2.8,WNW,Dongsi,3.0
10,21,8.0,2.0,57.0,400.0,18.0,13.5,1026.6,-4.2,0.0,2.6,N,Tiantan,8.0
12,3,178.0,9.0,72.0,2200.0,2.0,-4.2,1023.1,-6.7,0.0,1.4,S,Gucheng,178.0
10,0,116.0,19.0,69.0,1200.0,2.0,9.9,1020.4,1.3,0.0,1.1,SSW,Dongsi,42.0
8,17,16.0,2.0,21.0,400.0,107.0,29.6,1004.1,15.0,0.0,2.9,ENE,Tiantan,10.0
8,9,15.0,2.0,29.0,500.0,48.0,26.3,1007.0,16.2,0.0,1.7,NNE,Guanyuan,14.0
6,18,69.0,2.0,26.0,700.0,126.0,23.2,999.6,16.5,0.0,1.5,W,Dingling,60.0
10,1,233.0,6.0,102.0,2300.0,1.0,11.9,1021.2,9.1,0.0,1.2,N,Shunyi,227.0
4,13,94.0,2.0,2.0,300.0,105.0,20.2,1015.0,-18.6,0.0,4.6,NW,Wanshouxigong,6.0
11,6,180.0,68.0,119.0,2600.0,,4.6,1016.0,1.3,0.0,0.7,NNE,Guanyuan,164.0
3,3,229.0,90.0,141.0,2600.0,22.0,4.0,1007.6,-6.3,0.0,1.9,NE,Aotizhongxin,212.0
5,3,180.0,25.0,134.0,1000.0,2.0,15.2,1009.1,6.5,0.0,0.0,ESE,Nongzhanguan,70.0
4,5,40.0,13.0,53.0,700.0,28.0,9.2,1021.8,-8.9,0.0,1.2,NE,Dongsi,34.0
3,8,166.0,50.0,86.0,3300.0,2.0,1.7,1019.0,-2.3,0.0,1.4,NE,Guanyuan,123.0
4,12,136.0,14.0,44.0,,76.0,23.6,1004.3,4.0,0.0,2.0,S,Dingling,81.0
8,23,14.0,3.0,8.0,400.0,28.0,21.8,992.4,21.8,0.0,0.7,SW,Huairou,12.0
5,22,106.0,19.0,45.0,1100.0,96.0,18.7,1005.9,3.3,0.0,2.6,E,Changping,58.0
4,5,145.0,12.0,63.0,600.0,8.0,3.8,1009.5,-0.2,0.0,0.6,NW,Aotizhongxin,42.0
10,15,57.0,5.0,34.0,700.0,75.0,24.2,1013.8,7.8,0.0,3.3,SW,Wanliu,21.0
12,12,237.0,110.0,116.0,5400.0,10.0,0.1,1029.6,-9.6,0.0,1.3,ESE,Dongsi,212.0
5,11,45.0,2.0,20.0,300.0,98.0,19.9,1008.1,-10.4,0.0,1.9,SSW,Aotizhongxin,10.0
8,6,126.0,5.0,70.0,1300.0,8.0,24.4,1003.1,22.3,0.0,0.8,NNE,Tiantan,97.0
3,17,381.0,42.0,107.0,1700.0,30.0,14.6,1003.9,5.9,0.0,0.9,S,Wanliu,290.0
8,3,41.0,2.0,35.0,600.0,55.0,21.4,1005.7,16.4,0.0,1.5,NNE,Guanyuan,41.0
4,1,107.0,10.0,54.0,500.0,33.0,14.1,1012.7,-0.4,0.0,1.0,ESE,Dongsi,31.0
12,12,132.0,33.0,93.0,2500.0,7.0,0.1,1021.2,-7.7,0.0,1.5,NE,Gucheng,129.0
2,11,101.0,66.0,61.0,1800.0,7.0,-0.7,1022.8,-16.6,0.0,1.2,N,Guanyuan,83.0
11,4,35.0,2.0,40.0,1200.0,2.0,3.6,1015.5,2.9,0.0,1.0,WSW,Dingling,35.0
6,11,49.0,4.0,11.0,5000.0,84.0,24.1,990.1,14.2,0.0,2.0,SE,Huairou,49.0
2,10,151.0,40.0,68.0,3400.0,7.0,3.4,1014.3,-8.0,0.0,0.9,N,Shunyi,151.0
6,18,165.0,12.0,36.0,1100.0,222.0,30.9,993.9,13.7,0.0,1.8,W,Gucheng,73.0
4,14,39.0,2.0,17.0,200.0,95.0,18.9,1013.3,-8.3,0.0,3.7,NW,Wanliu,15.0
1,3,65.0,31.0,74.0,2000.0,2.0,-6.0,1026.0,-14.8,0.0,0.5,ESE,Dongsi,52.0
12,15,72.0,29.0,49.0,1200.0,30.0,1.7,1014.2,-18.9,0.0,2.6,ESE,Changping,56.0
11,19,153.0,12.0,91.0,1200.0,,8.3,1018.9,1.0,0.0,1.4,S,Wanshouxigong,73.0
10,6,211.0,4.0,66.0,2300.0,2.0,8.8,1007.3,8.8,0.0,0.4,WSW,Tiantan,211.0
10,15,14.0,2.0,19.0,200.0,83.0,20.8,1017.6,-1.1,0.0,2.5,SSE,Shunyi,14.0
12,20,394.0,27.0,110.0,5600.0,4.0,-0.6,1014.5,-1.6,0.0,1.7,WSW,Wanliu,394.0
6,13,23.0,2.0,14.0,600.0,130.0,27.8,1000.2,18.8,0.0,1.2,SW,Aotizhongxin,23.0
12,16,69.0,16.0,75.0,1200.0,10.0,5.3,1023.3,-13.7,0.0,1.7,E,Wanshouxigong,49.0
3,10,23.0,10.0,26.0,400.0,62.0,13.0,1024.2,-10.1,0.0,3.5,WNW,Tiantan,13.0
4,6,123.0,12.0,35.0,700.0,63.0,16.4,1006.7,10.7,0.0,1.5,SE,Guanyuan,82.0
9,8,53.0,2.0,50.0,900.0,23.0,17.8,1018.7,15.1,0.0,1.6,ESE,Wanshouxigong,53.0
9,6,57.0,2.0,38.0,600.0,2.0,18.7,1004.1,15.8,0.0,0.8,NE,Wanliu,22.0
9,2,154.0,10.0,85.0,1600.0,1.0,16.5,1013.6,15.9,0.0,0.6,NE,Guanyuan,143.0
8,19,100.0,2.0,36.0,800.0,154.0,26.6,999.5,18.5,0.0,0.9,WSW,Wanshouxigong,25.0
11,16,51.0,6.0,19.0,700.0,36.0,-2.7,1026.2,-3.8,0.5,2.3,E,Huairou,51.0
11,5,236.0,38.0,117.0,2600.0,5.0,3.7,1017.0,-4.8,0.0,0.7,S,Gucheng,124.0
12,16,5.0,2.0,14.0,300.0,47.0,2.3,1015.5,-12.7,0.0,6.2,NW,Dongsi,3.0
11,1,518.0,34.0,164.0,5900.0,2.0,3.7,1019.0,2.4,0.0,0.9,NNE,Wanliu,384.0
1,6,73.0,7.0,68.0,2300.0,2.0,-8.9,1021.3,-15.1,0.0,0.8,NE,Tiantan,73.0
11,4,31.0,24.0,62.0,,4.0,1.4,1019.0,-13.9,0.0,1.1,WSW,Dongsi,34.0
9,23,206.0,2.0,62.0,1600.0,55.0,22.4,1006.0,19.6,0.0,0.2,NE,Gucheng,164.0
10,0,61.0,9.0,66.0,900.0,2.0,12.2,1019.0,3.7,0.0,1.3,SSE,Shunyi,35.0
8,14,37.0,2.0,14.0,600.0,163.0,32.6,1004.9,19.1,0.0,2.0,SE,Wanshouxigong,21.0
2,12,39.0,21.0,41.0,800.0,45.0,1.0,1031.0,-21.4,0.0,1.9,N,Nongzhanguan,36.0
2,9,135.0,64.0,34.0,1800.0,52.0,1.6,1026.8,-8.2,0.0,2.5,N,Shunyi,205.0
7,16,26.0,2.0,6.0,600.0,97.0,25.7,997.9,18.1,0.0,3.3,NNE,Huairou,26.0
1,13,40.0,25.0,23.0,700.0,50.0,3.9,1014.1,-15.4,0.0,1.5,SSW,Dingling,40.0
10,12,96.0,12.0,92.0,1300.0,18.0,8.8,1020.3,0.7,0.0,1.9,NE,Tiantan,96.0
5,18,43.0,2.0,10.0,200.0,130.0,30.0,994.8,2.3,0.0,3.2,S,Dingling,13.0
2,4,503.0,133.0,140.0,5000.0,,-5.2,1017.4,-7.0,0.0,1.0,W,Wanshouxigong,486.0
7,5,84.0,5.0,58.0,1800.0,22.0,20.2,1006.1,16.4,0.0,1.1,E,Wanshouxigong,73.0
10,20,126.0,17.136,117.021,,,8.6,1017.7,6.2,0.0,0.0,WNW,Wanliu,87.0
10,16,6.0,2.0,4.0,100.0,81.0,10.9,1020.6,-11.9,0.0,4.3,NW,Huairou,3.0
11,21,253.0,15.0,95.0,1300.0,5.0,2.6,1026.0,-2.3,0.0,0.9,NNW,Gucheng,123.0
5,5,48.0,3.0,45.0,,7.9254,17.4,994.8,14.5,0.0,1.5,SSW,Wanliu,66.0
11,17,205.0,30.0,95.0,1900.0,28.0,6.3,1017.0,-1.1,0.0,2.0,SSW,Wanshouxigong,183.0
7,20,50.0,2.0,23.0,400.0,142.0,27.4,995.4,17.3,0.0,1.0,WNW,Huairou,23.0
1,17,106.0,25.0,85.0,1500.0,9.0,-0.15,1027.0,-7.9,0.0,2.2,NE,Wanliu,106.0
11,0,37.0,3.0,8.0,,62.0,-1.8,1021.6,-23.1,0.0,5.3,NW,Dongsi,3.0
4,10,61.0,9.0,16.0,300.0,72.0,16.6,1015.5,-17.9,0.0,8.3,NNW,Changping,12.0
7,8,27.0,2.0,44.0,600.0,50.0,25.9,998.5,19.3,0.0,1.7,NNW,Nongzhanguan,25.0
4,0,210.0,2.0,2.0,100.0,89.0,19.2,998.8,-15.9,0.0,4.9,NNW,Huairou,46.0
11,22,202.0,2.0,125.0,3100.0,14.0,6.7,1003.9,6.1,0.0,1.0,ENE,Tiantan,202.0
12,13,247.0,54.0,96.0,2400.0,13.0,5.2,1019.2,-4.1,0.0,1.8,NE,Wanshouxigong,247.0
1,3,9.0,12.0,9.0,500.0,62.0,-9.825,1033.0,-23.1,0.0,2.5,NE,Shunyi,9.0
3,8,67.0,56.0,95.0,1500.0,3.0,6.7,1019.2,-13.6,0.0,1.3,ESE,Wanliu,17.0
4,18,42.0,2.0,22.0,300.0,68.0,16.5,1000.1,-5.9,0.0,4.8,NNW,Changping,6.0
1,5,48.0,50.0,59.0,1200.0,4.0,-8.0,1029.0,-17.1,0.0,0.8,NNW,Shunyi,46.0
5,2,150.0,21.0,84.0,800.0,29.0,15.3,992.8,9.9,0.0,0.0,N,Gucheng,47.0
6,23,153.0,11.0,58.0,1100.0,121.0,23.4,996.4,13.6,0.0,0.7,ENE,Changping,104.0
10,21,129.0,20.0,149.0,1400.0,1.0,17.0,1014.6,10.4,0.0,0.6,ESE,Nongzhanguan,76.0
6,23,65.0,2.0,54.0,1100.0,16.0,18.4,999.8,17.7,0.0,0.5,NNW,Tiantan,65.0
11,8,82.0,8.0,54.0,900.0,3.8556,9.8,1016.7,-7.4,0.0,1.0,S,Wanshouxigong,14.0
2,1,16.0,5.0,33.0,500.0,45.0,3.3,1020.8,-14.0,0.0,1.1,NE,Tiantan,12.0
1,9,288.0,138.0,150.0,6900.0,1.0,1.8,1012.2,-9.5,0.0,1.0,N,Wanliu,254.0
10,8,229.0,2.0,95.0,1900.0,5.0,16.1,1007.4,14.1,0.0,0.8,NNE,Gucheng,229.0
4,4,20.0,2.0,13.0,200.0,53.0,7.9,1008.2,-16.4,0.0,2.4,NW,Huairou,8.0
7,18,92.0,2.0,27.0,700.0,251.0,31.2,1005.3,17.9,0.0,3.3,SSE,Shunyi,72.0
10,19,247.0,7.0,150.0,1900.0,1.9278,8.9,1024.1,4.9,0.0,0.0,SE,Shunyi,198.0
5,6,14.0,17.0,27.0,300.0,78.0,19.8,993.8,8.2,0.0,1.2,NE,Gucheng,13.0
10,17,176.0,48.2664,76.5769,,84.8232,19.6,1003.9,13.1,0.0,0.9,E,Dingling,176.0
3,3,221.0,42.0,94.0,2200.0,2.0,14.6,1000.9,5.7,0.0,1.4,NW,Wanshouxigong,148.0
3,8,137.0,27.0,87.0,1300.0,2.0,7.7,1016.8,-4.1,0.0,2.1,NE,Aotizhongxin,76.0
2,18,81.0,62.0,72.0,1700.0,46.0,2.1,1030.9,-14.1,0.0,1.9,S,Shunyi,96.0
9,14,26.0,2.0,25.0,1000.0,84.0,23.6,1003.8,19.3,0.0,2.3,NE,Guanyuan,26.0
10,3,207.0,2.0,77.0,1300.0,14.0,16.9,1003.0,14.9,0.0,0.4,NE,Wanliu,207.0
10,4,259.0,2.0,123.0,2300.0,2.0,11.8,1012.6,11.3,0.0,0.9,NE,Wanshouxigong,259.0
6,23,78.0,2.0,19.0,500.0,26.0,20.0,993.1,15.8,0.0,0.9,NW,Huairou,22.0
11,16,246.0,72.0,137.0,2900.0,4.0,8.4,1012.3,-1.7,0.0,1.0,SW,Wanshouxigong,221.0
11,5,9.0,8.0,41.0,500.0,31.0,5.4,1023.0,-11.7,0.0,1.6,WNW,Wanshouxigong,9.0
12,10,89.0,14.0,80.0,1900.0,3.0,2.1,1019.4,-4.4,0.0,1.4,ENE,Tiantan,80.0
10,23,237.0,1.0,105.0,3000.0,,4.3,1021.4,3.9,0.0,0.6,SW,Wanshouxigong,229.0
9,21,126.0,9.0,85.0,800.0,11.0,18.9,1015.0,11.5,0.0,1.8,W,Tiantan,63.0
3,17,21.0,3.0,12.0,400.0,87.0,5.0,1024.5,-24.2,0.0,3.5,NNW,Wanshouxigong,7.0
2,22,47.0,21.0,34.0,1300.0,54.0,5.0,1019.0,-13.0,0.0,2.0,N,Changping,46.0
8,18,127.0,4.0,22.0,1000.0,189.0,31.8,997.4,24.1,0.0,3.5,SSW,Gucheng,101.0
7,4,84.0,10.0,57.0,800.0,,23.4,1007.8,17.2,0.0,2.1,ESE,Aotizhongxin,29.0
8,1,67.0,2.0,67.0,800.0,2.0,16.7,1008.5,13.2,0.0,0.2,SW,Wanliu,26.0
5,19,34.0,2.0,24.0,200.0,70.0,23.3,1007.7,-6.7,0.0,3.5,NW,Shunyi,13.0
8,13,130.0,3.0,9.0,900.0,156.0,32.6,994.4,24.4,0.0,1.5,S,Dingling,99.0
5,23,185.0,21.0,44.0,800.0,90.0,21.7,997.7,10.5,0.0,2.4,ESE,Changping,95.0
3,17,7.0,2.0,5.0,300.0,89.0,14.8,1015.6,-14.4,0.0,2.6,S,Huairou,7.0
4,19,272.0,26.0,,1500.0,55.0,19.5,1005.3,4.8,0.0,3.4,N,Wanliu,136.0
6,8,114.0,20.0,82.0,1200.0,36.0,26.5,1000.3,18.4,0.0,1.5,E,Guanyuan,77.0
9,0,44.0,2.0,84.0,700.0,9.0,20.3,1002.2,13.5,0.0,0.7,NE,Wanliu,28.0
12,11,79.0,9.0,15.0,300.0,68.0,2.0,1025.0,-16.0,0.0,7.3,NW,Nongzhanguan,8.0
11,19,289.0,20.0,95.0,3100.0,2.0,3.6,1014.0,1.5,0.0,0.8,ENE,Gucheng,225.0
12,7,70.0,16.0,56.0,1700.0,3.0,-2.4,1023.7,-6.1,0.0,1.1,ENE,Dongsi,70.0
7,9,144.0,2.0,66.0,1300.0,6.0,27.3,996.0,25.3,0.0,1.5,NE,Wanliu,144.0
8,15,45.0,2.0,16.0,400.0,190.0,30.7,998.5,17.0,0.0,2.4,SSW,Changping,27.0
8,7,109.0,1.0,25.0,1000.0,57.0,23.4,1001.0,19.8,0.0,0.2,NNW,Changping,107.0
9,14,32.0,2.0,18.0,800.0,42.0,18.95,1004.25,18.3,0.0,0.8,NE,Huairou,32.0
7,11,75.0,23.0,38.0,1700.0,112.0,25.7,1006.4,13.9,0.0,1.4,E,Guanyuan,75.0
2,23,32.0,2.0,3.0,200.0,70.0,-3.4,1017.8,-16.7,0.0,1.0,N,Dingling,8.0
